customer_id,lat,lon,avg_monthly_sales,avg_monthly_invoices,true_district,sales_m1,invoices_m1,sales_m2,invoices_m2,sales_m3,invoices_m3,sales_m4,invoices_m4
C1000,24.691761443168485,46.672279251985266,2328.385082133211,1,Olaya,2570.0,1,2399.0,1,2401.0,2,1996.0,2
C1001,24.68299679480708,46.68354787465541,4857.947558355067,4,Olaya,4993.0,3,4950.0,3,4694.0,3,4926.0,5
C1002,24.69143224830836,46.67666088487661,22033.80705293914,1,Olaya,21139.0,0,23664.0,1,20543.0,1,24904.0,2
C1003,24.687734614495792,46.69387783347354,4216.607373973654,6,Olaya,2993.0,6,4434.0,5,4726.0,7,3221.0,5
C1004,24.68304838084197,46.682449452353545,9127.171271253763,5,Olaya,11366.0,6,9397.0,5,9527.0,4,8146.0,5
C1005,24.69827284680685,46.68074622553711,3311.44286650451,2,Olaya,2948.0,2,3617.0,2,3498.0,2,3119.0,2
C1006,24.694231068807426,46.68342998421388,3797.782480546355,3,Olaya,3364.0,3,3700.0,4,4551.0,3,3643.0,3
C1007,24.69802057227921,46.68058169582773,10318.576430520548,1,Olaya,11999.0,2,6510.0,1,10202.0,0,9549.0,1
C1008,24.69416016058654,46.663053346474236,872.8265418406403,5,Olaya,886.0,4,982.0,6,982.0,6,909.0,6
C1009,24.687883127209133,46.68232290570671,7800.712573613079,2,Olaya,10050.0,1,8416.0,2,7311.0,3,8979.0,3
C1010,24.69042344218394,46.67129169991336,5474.582414980648,1,Olaya,6873.0,1,5579.0,1,5970.0,1,5758.0,0
C1011,24.682907659765725,46.68345807228959,899.4675396849631,1,Olaya,998.0,1,1126.0,2,970.0,1,1036.0,0
C1012,24.700159302257774,46.66230074582014,8146.88400237963,5,Olaya,8483.0,4,6580.0,5,7478.0,6,9409.0,6
C1013,24.688081596408352,46.672323019803876,10709.317198902087,3,Olaya,11969.0,4,6259.0,4,8279.0,3,9779.0,2
C1014,24.705084831764573,46.682996861548325,9630.951396531687,6,Olaya,7768.0,6,11917.0,5,7784.0,6,10026.0,5
C1015,24.680317848868548,46.706502748134405,2599.341511171684,4,Olaya,2675.0,4,2801.0,5,2232.0,3,2459.0,4
C1016,24.687497737820987,46.67678331679885,1087.0081888549807,3,Olaya,1115.0,3,838.0,2,1177.0,3,1193.0,4
C1017,24.68828516149804,46.67059260970164,1680.9557203953366,6,Olaya,1568.0,5,1605.0,7,1647.0,7,1596.0,5
C1018,24.686377588745593,46.683031232573775,4526.830233076236,3,Olaya,4714.0,4,5015.0,2,4324.0,2,4408.0,3
C1019,24.701394359180824,46.697563812744875,3973.6219220468474,5,Olaya,3120.0,6,3318.0,6,4255.0,5,4970.0,4
C1020,24.700340676923926,46.6914211170274,8945.405171848854,2,Olaya,10183.0,1,9825.0,2,9917.0,3,8722.0,3
C1021,24.67781985100949,46.684838729947586,8706.124144021707,6,Olaya,10411.0,5,11589.0,7,10517.0,5,6720.0,7
C1022,24.671838067112738,46.682833486938556,2043.936832866675,5,Olaya,1655.0,6,2499.0,5,1861.0,4,2082.0,4
C1023,24.679360297595306,46.68754030293074,2377.061421455835,0,Olaya,2437.0,1,2403.0,1,2571.0,1,2484.0,0
C1024,24.714301931842563,46.66689374240374,9048.207061072619,3,Olaya,11168.0,3,9625.0,4,10001.0,2,8387.0,4
C1025,24.690972652444938,46.6812206831522,11199.851492410038,3,Olaya,11938.0,3,9794.0,4,9604.0,4,11329.0,2
C1026,24.650982739014044,46.678108500452964,12924.084693030303,3,Olaya,10977.0,4,13381.0,3,13159.0,2,14879.0,4
C1027,24.690575990898747,46.684304996745105,4585.8016406499655,2,Olaya,3925.0,3,4431.0,1,3957.0,2,4243.0,1
C1028,24.69613330517892,46.6761047879861,10668.775116162173,3,Olaya,12063.0,2,9257.0,4,10306.0,3,10390.0,4
C1029,24.684436994860693,46.695032375152344,6020.591900045055,1,Olaya,7688.0,1,4911.0,1,6397.0,2,5403.0,2
C1030,24.690998608241696,46.67100062604225,3585.0308669468727,4,Olaya,3016.0,5,4672.0,4,2673.0,3,3764.0,4
C1031,24.685326836341495,46.66138218485259,15604.032868305561,6,Olaya,15742.0,7,16049.0,7,13565.0,5,15340.0,6
C1032,24.708141954138767,46.69222394272351,4243.874378012191,1,Olaya,3766.0,1,3664.0,0,3731.0,1,3675.0,0
C1033,24.696080247650727,46.68587815725804,3371.302766624212,4,Olaya,3239.0,3,3213.0,4,3417.0,5,3300.0,3
C1034,24.69131513241598,46.66429085857631,3683.7307869952806,3,Olaya,3865.0,3,4557.0,2,3277.0,2,4678.0,3
C1035,24.68623684486462,46.677179508722396,5183.033633172305,4,Olaya,5167.0,5,6515.0,4,5470.0,5,3894.0,4
C1036,24.677460815717172,46.689148149871926,1639.9466999078195,2,Olaya,1477.0,2,1515.0,3,1429.0,3,1310.0,3
C1037,24.693111917489723,46.692194088237066,21200.93905973089,1,Olaya,27920.0,0,22149.0,0,19560.0,2,22285.0,0
C1038,24.6821498698494,46.68554219204451,14520.48033471184,3,Olaya,14223.0,3,16674.0,2,15826.0,2,11593.0,3
C1039,24.687536262874758,46.68778790129076,5638.602344011712,5,Olaya,5503.0,6,5436.0,4,5904.0,4,7263.0,5
C1040,24.690669726556905,46.6630804578963,6065.46003213319,4,Olaya,7087.0,5,5098.0,3,6200.0,4,4751.0,4
C1041,24.68185514018141,46.693278929699694,27070.08238316803,0,Olaya,27202.0,1,23561.0,1,26907.0,0,21939.0,0
C1042,24.67595338163636,46.68427077435001,3860.5519527977003,7,Olaya,3756.0,8,3927.0,6,4437.0,7,3577.0,7
C1043,24.68533425526317,46.68059110645716,1572.1946391420552,3,Olaya,1799.0,3,1416.0,3,1894.0,4,1824.0,3
C1044,24.669202410059807,46.6748063090404,5116.714816900239,6,Olaya,4344.0,6,4209.0,6,4832.0,7,5728.0,6
C1045,24.66721126513192,46.70252025995021,7175.4562314787145,2,Olaya,7997.0,2,7035.0,1,6396.0,2,7788.0,3
C1046,24.720443154841583,46.68271909506971,15835.769515657805,4,Olaya,18313.0,3,18278.0,5,13373.0,5,16556.0,3
C1047,24.694046853790184,46.671428637975204,2977.151300473303,2,Olaya,3280.0,1,3326.0,2,3746.0,3,3550.0,2
C1048,24.686344947569822,46.671650433398085,1585.0619042938858,6,Olaya,1548.0,5,1556.0,5,1373.0,6,1166.0,5
C1049,24.680641927630244,46.69002452591714,3707.7243874415,4,Olaya,3714.0,5,4818.0,5,2975.0,5,3865.0,5
C1050,24.688775169081733,46.68567541720371,9573.655276648318,5,Olaya,7155.0,4,8601.0,6,9952.0,6,11599.0,4
C1051,24.703268219503954,46.665182189673246,1862.3073928834483,5,Olaya,1832.0,4,1870.0,4,2154.0,5,1575.0,4
C1052,24.680933824428376,46.69062614127115,2044.4659035233474,6,Olaya,2139.0,6,1660.0,6,1667.0,7,2144.0,5
C1053,24.712898604470432,46.67149395431756,1279.2513655185608,3,Olaya,1448.0,4,1447.0,4,1255.0,4,1511.0,2
C1054,24.699844538514455,46.67250289791305,1462.1326657349246,3,Olaya,1497.0,2,1457.0,4,1149.0,2,1733.0,3
C1055,24.67706491270948,46.681289594246195,1332.7192988387178,3,Olaya,1259.0,4,1019.0,2,1194.0,2,1309.0,3
C1056,24.67955793155755,46.66038050722535,3245.6620518790564,3,Olaya,2850.0,3,2895.0,3,4032.0,2,4137.0,3
C1057,24.70548674445364,46.70926753490658,3985.463033055933,1,Olaya,3970.0,0,5112.0,0,4084.0,1,4289.0,0
C1058,24.681090794211045,46.68423754802502,1930.1566705945274,1,Olaya,1974.0,2,2167.0,1,1855.0,2,2237.0,1
C1059,24.681272946632973,46.67267652572327,3678.2015282022553,4,Olaya,4350.0,3,3794.0,5,3716.0,3,3109.0,4
C1060,24.68260226849377,46.68117340308017,845.3758975992333,2,Olaya,849.0,3,967.0,2,881.0,1,754.0,1
C1061,24.685516756078705,46.67230498690806,3584.017669601271,2,Olaya,3328.0,3,2785.0,1,3528.0,2,3193.0,3
C1062,24.692827078908135,46.68686184561521,3970.9066950086262,4,Olaya,3919.0,5,3541.0,3,3266.0,5,5006.0,5
C1063,24.694599751109195,46.676502622714295,3613.499431364568,2,Olaya,3364.0,3,2954.0,3,2976.0,1,2388.0,1
C1064,24.6964546453786,46.700203122895914,9974.002077865876,2,Olaya,9655.0,2,8893.0,1,12959.0,3,7315.0,1
C1065,24.694526488837287,46.66560176681997,1576.318802551854,6,Olaya,1064.0,5,1510.0,5,1396.0,6,1764.0,7
C1066,24.674869552390927,46.67597204503564,6249.687103831139,3,Olaya,4789.0,3,6835.0,4,7364.0,2,6397.0,2
C1067,24.69877491586194,46.69259389678096,10475.103449469703,6,Olaya,8647.0,7,12200.0,6,9351.0,5,5962.0,6
C1068,24.693700915517006,46.662930103270064,3320.62660391024,4,Olaya,3560.0,4,3853.0,3,3964.0,5,3135.0,5
C1069,24.689821488340197,46.6948384010431,488.6593934540935,0,Olaya,484.0,1,691.0,1,539.0,0,468.0,1
C1070,24.698185543502813,46.70710949269113,11026.277242635926,4,Olaya,11298.0,4,10377.0,3,10677.0,3,13001.0,3
C1071,24.68808879233122,46.68437079103872,5212.339920969697,4,Olaya,6126.0,4,5273.0,3,6773.0,3,3765.0,5
C1072,24.699438068689155,46.69858838490072,1329.3488481952304,4,Olaya,1127.0,4,1449.0,5,1144.0,3,1229.0,3
C1073,24.68429465140265,46.698376199878176,3670.3121901190984,1,Olaya,4303.0,2,3271.0,2,3541.0,1,4250.0,2
C1074,24.679750374627794,46.68766062173777,2535.4699497547936,4,Olaya,2687.0,5,2464.0,4,2211.0,5,2824.0,5
C1075,24.69256552141671,46.69690582677931,2681.0334462774067,4,Olaya,2404.0,5,2883.0,5,2370.0,4,2327.0,5
C1076,24.69262625648482,46.70493496260968,4025.6922192524066,2,Olaya,4926.0,3,3554.0,3,3807.0,1,3866.0,3
C1077,24.67024522630201,46.6663225163108,7572.991353335602,1,Olaya,5991.0,0,8212.0,1,6491.0,0,5957.0,0
C1078,24.692550704212056,46.693048831428236,3401.860480286759,8,Olaya,2842.0,7,4071.0,8,3236.0,7,4088.0,8
C1079,24.67085236586178,46.67151632405887,3286.2888526101165,5,Olaya,3194.0,6,2787.0,4,4059.0,5,3088.0,5
C1080,24.68560303987083,46.70075526606189,6603.402982239242,5,Olaya,7018.0,5,4451.0,6,4890.0,5,7847.0,5
C1081,24.68137264417529,46.693290227315465,3807.443060978242,1,Olaya,3709.0,2,3908.0,2,3094.0,2,4262.0,1
C1082,24.6859044987827,46.66302373659757,5968.790873127337,1,Olaya,4094.0,1,5127.0,2,5120.0,1,5212.0,0
C1083,24.68590110893694,46.654976227555544,11772.925226465177,4,Olaya,11283.0,4,12240.0,3,10952.0,4,11554.0,5
C1084,24.679273357795445,46.66931024174834,2976.490751703108,0,Olaya,2947.0,0,2819.0,0,3424.0,1,3266.0,0
C1085,24.6941097059201,46.665365363507284,5641.4263431472455,1,Olaya,7785.0,0,5975.0,1,6246.0,1,6021.0,2
C1086,24.68352266381122,46.67703787123575,1157.2420235586287,2,Olaya,1396.0,1,1368.0,1,1239.0,3,1418.0,2
C1087,24.68188223851104,46.703755760246814,4251.801083274859,6,Olaya,4340.0,7,4827.0,5,4380.0,6,4957.0,5
C1088,24.7173666776394,46.684095277636494,3674.1296298520406,4,Olaya,3089.0,4,3528.0,4,4985.0,3,3859.0,4
C1089,24.708648212023306,46.67618895412469,4751.410099784633,2,Olaya,5005.0,3,3988.0,3,3952.0,3,5244.0,3
C1090,24.681958299654195,46.67812095944164,7561.55169321058,3,Olaya,6274.0,4,4866.0,2,6262.0,3,6802.0,3
C1091,24.69647482240047,46.67303818542444,844.2674799406152,5,Olaya,872.0,5,582.0,4,841.0,4,774.0,5
C1092,24.671600020913427,46.67517074086374,2131.3111235646115,6,Olaya,2253.0,7,1907.0,6,2196.0,7,2325.0,5
C1093,24.69428204734023,46.686374380081105,7371.111495543137,5,Olaya,6952.0,4,7571.0,5,7109.0,5,7756.0,6
C1094,24.688024370978358,46.68162888563586,5250.283619709966,3,Olaya,5458.0,2,4787.0,3,4591.0,3,4421.0,3
C1095,24.686624552475354,46.68383421963196,2503.3029809271547,2,Olaya,2387.0,3,2311.0,3,2015.0,3,2483.0,3
C1096,24.681305498179334,46.68449949707364,9730.99410172859,3,Olaya,8932.0,4,7529.0,2,9328.0,2,8632.0,2
C1097,24.684187715452886,46.684615183317916,2032.571803384082,4,Olaya,2500.0,3,1556.0,3,1818.0,4,1875.0,4
C1098,24.687770880168557,46.66193840696709,3068.5823742604603,2,Olaya,3340.0,1,2314.0,3,2848.0,2,3657.0,1
C1099,24.697574596451428,46.67747392324427,1745.159576001503,2,Olaya,1670.0,3,1925.0,2,1464.0,2,1511.0,2
C1100,24.703910964636574,46.67876862792698,9419.332181259188,0,Olaya,8372.0,0,6735.0,1,11298.0,0,8556.0,0
C1101,24.699205783587598,46.678484785120745,4155.320202824604,2,Olaya,4275.0,2,4613.0,3,4434.0,2,4513.0,2
C1102,24.66910417098475,46.68136465642936,4502.141114089553,1,Olaya,4891.0,2,3937.0,1,5744.0,1,4568.0,0
C1103,24.676786635672904,46.69628271934952,23788.935707454042,3,Olaya,26847.0,4,25888.0,4,21957.0,2,24462.0,4
C1104,24.688666771704554,46.6909826987082,8064.2894700507695,3,Olaya,9844.0,3,8415.0,3,8133.0,2,6402.0,4
C1105,24.676300875865735,46.6847255233947,8970.719984385272,3,Olaya,9605.0,4,10044.0,3,8637.0,4,8972.0,4
C1106,24.67727844217256,46.69975019651084,28289.81445239068,3,Olaya,23668.0,3,33491.0,2,28372.0,2,26877.0,4
C1107,24.674169845085792,46.69871882976706,4276.196408590182,6,Olaya,5572.0,5,3804.0,6,4112.0,7,3791.0,6
C1108,24.683739897891577,46.65725950928902,9136.373990937282,1,Olaya,10728.0,1,7869.0,0,8910.0,1,8428.0,0
C1109,24.68451471929428,46.675815057150345,3824.412365039169,6,Olaya,4304.0,5,3595.0,6,2700.0,7,3677.0,7
C1110,24.67439718762738,46.68033647023227,9366.00519781433,3,Olaya,11242.0,4,8333.0,4,8984.0,2,10551.0,2
C1111,24.694260432902,46.68458558710818,2896.2743166548726,4,Olaya,2265.0,3,3194.0,4,3194.0,3,3701.0,4
C1112,24.692565925622127,46.69650622676565,11631.332176925276,5,Olaya,11016.0,6,11480.0,6,8253.0,5,11871.0,4
C1113,24.67837360508986,46.69363606784033,8365.687250510855,2,Olaya,7751.0,2,8402.0,1,7930.0,3,10207.0,1
C1114,24.689065544765555,46.6983549255887,729.5312471602651,6,Olaya,860.0,7,777.0,7,792.0,5,745.0,7
C1115,24.689679506942422,46.69145870578198,10081.131516082334,2,Olaya,8343.0,1,9401.0,2,11981.0,3,7954.0,2
C1116,24.696882755374293,46.69875910608964,3384.131016488709,0,Olaya,3230.0,0,3947.0,0,3341.0,0,3429.0,0
C1117,24.690993229523905,46.67329469327513,10121.375454204699,4,Olaya,12418.0,5,7372.0,4,10808.0,4,12056.0,3
C1118,24.684951823118432,46.711271562628966,5983.924897317128,5,Olaya,6571.0,5,6205.0,5,7546.0,5,7231.0,5
C1119,24.686565540547505,46.66148980737537,3713.216960962253,1,Olaya,3510.0,2,3997.0,2,4430.0,0,3256.0,2
C1120,24.681414999285934,46.68214905065681,5531.077252248866,1,Olaya,7082.0,2,4908.0,2,5158.0,2,7355.0,2
C1121,24.678397804681328,46.7056814793968,1909.756959869087,4,Olaya,1538.0,4,1716.0,5,1737.0,5,1715.0,3
C1122,24.711074881503794,46.687531182547836,4912.249001927041,3,Olaya,5252.0,3,5581.0,4,5657.0,4,4416.0,2
C1123,24.66620500196235,46.68114420831799,9001.849282469273,5,Olaya,8718.0,4,8585.0,5,9299.0,4,8365.0,5
C1124,24.67669189072182,46.67364656592974,3217.0425468532185,5,Olaya,3467.0,6,2299.0,5,2957.0,5,3911.0,5
C1125,24.67140306212085,46.67591312835017,746.6353237525392,1,Olaya,718.0,0,597.0,0,721.0,2,794.0,0
C1126,24.712419898651216,46.70024894419273,1770.6325412099693,3,Olaya,1555.0,4,2038.0,4,1854.0,3,2014.0,2
C1127,24.70764881939162,46.65373027069061,1834.5492085743804,5,Olaya,1896.0,5,1595.0,6,1780.0,4,1253.0,5
C1128,24.664327485964353,46.68499786131908,2510.7391494513386,2,Olaya,2027.0,2,3003.0,3,2415.0,2,2505.0,3
C1129,24.694188675223813,46.67615677032417,22740.727695486825,4,Olaya,24572.0,5,27399.0,3,21937.0,4,22496.0,4
C1130,24.692652721714953,46.68229526116633,2884.320352016557,2,Olaya,2754.0,3,2799.0,1,2243.0,1,3193.0,3
C1131,24.68470618185588,46.669371911071224,4274.096869669381,1,Olaya,4866.0,2,4622.0,2,5379.0,2,4008.0,2
C1132,24.70250178663266,46.68975702352205,6659.370475231677,5,Olaya,6232.0,5,5840.0,6,7869.0,5,7852.0,6
C1133,24.69040893675222,46.675266894922494,3006.9547563552137,6,Olaya,2714.0,7,2827.0,7,3685.0,7,2724.0,5
C1134,24.665897745920404,46.684481704942556,10376.785043623724,5,Olaya,11009.0,5,9297.0,4,10168.0,6,8336.0,6
C1135,24.702672750734322,46.71688563463059,12547.272899014382,2,Olaya,14862.0,1,13651.0,1,12780.0,3,9633.0,2
C1136,24.677295366327392,46.685681838085365,2084.3889389407277,3,Olaya,1450.0,4,1685.0,3,2263.0,3,2479.0,3
C1137,24.64978740006412,46.728416743884374,3899.3208983694603,6,Al Malaz,3975.0,7,3823.0,7,4375.0,5,4352.0,7
C1138,24.660547764501878,46.71679935806622,3300.3573148230253,4,Al Malaz,3612.0,3,3324.0,3,2401.0,3,2946.0,3
C1139,24.679412587898145,46.70155417125496,3393.977980134102,4,Al Malaz,2687.0,4,3655.0,4,3573.0,5,3959.0,4
C1140,24.659014591140817,46.70558974242502,3952.395372986824,6,Al Malaz,3445.0,5,2700.0,5,3364.0,7,3879.0,7
C1141,24.676677215265737,46.728106127423054,3868.779911389075,8,Al Malaz,4244.0,8,2835.0,9,3827.0,9,3825.0,7
C1142,24.659754072846514,46.74154989126321,9818.476743301591,0,Al Malaz,8635.0,0,8524.0,0,8848.0,0,7797.0,1
C1143,24.650031849755806,46.735230634460684,3648.0118501815277,1,Al Malaz,3310.0,2,3524.0,2,4573.0,0,3381.0,2
C1144,24.65961150051286,46.710534391835736,2233.487726470459,2,Al Malaz,2805.0,2,2278.0,1,2412.0,1,2283.0,3
C1145,24.64175790682109,46.738497218158386,12189.130601047678,5,Al Malaz,10511.0,4,12529.0,5,12137.0,4,12629.0,6
C1146,24.674224846178724,46.747704978613136,7548.545931497814,1,Al Malaz,6598.0,2,9813.0,0,9115.0,2,6982.0,0
C1147,24.65540248481991,46.741846391113725,3333.6691467262017,6,Al Malaz,2199.0,5,3656.0,5,3298.0,7,3836.0,6
C1148,24.651892926591987,46.72406447131548,2023.611942293865,3,Al Malaz,1699.0,2,2199.0,2,1805.0,4,2460.0,4
C1149,24.65458274872683,46.71397145597872,5378.376273455555,4,Al Malaz,4408.0,4,4981.0,4,5229.0,4,4783.0,5
C1150,24.669249227725498,46.72175993061447,5793.549629501829,5,Al Malaz,7272.0,6,6463.0,5,5478.0,6,6170.0,5
C1151,24.670727886798485,46.74647120333239,5784.4085051999555,3,Al Malaz,6834.0,2,6373.0,4,5825.0,2,4544.0,4
C1152,24.665021165465024,46.743782187448346,14964.21297453757,5,Al Malaz,12190.0,6,16440.0,5,16835.0,6,15963.0,5
C1153,24.667028782938768,46.752298498648905,9921.65534278615,3,Al Malaz,12821.0,4,9740.0,4,9746.0,4,8600.0,4
C1154,24.653631075946517,46.729575832131346,16114.198384941768,6,Al Malaz,17975.0,5,17588.0,7,15956.0,6,15863.0,7
C1155,24.652762449088222,46.7380913049073,5145.915009054453,2,Al Malaz,5017.0,2,6308.0,2,5921.0,3,5310.0,2
C1156,24.663447219430843,46.73335004643702,1436.3389053820817,2,Al Malaz,1610.0,2,1263.0,3,1498.0,2,1396.0,1
C1157,24.640571403410284,46.74148317376643,38631.506788426086,1,Al Malaz,40866.0,0,26126.0,2,44084.0,0,44757.0,2
C1158,24.648179809361174,46.74737674420326,1656.297685266246,4,Al Malaz,1471.0,4,1856.0,4,1689.0,4,1481.0,3
C1159,24.644527543032474,46.73079924868742,2519.5716306174577,7,Al Malaz,1868.0,7,2791.0,8,2031.0,8,2367.0,8
C1160,24.642029642409213,46.72116523953417,9228.844328319045,1,Al Malaz,8001.0,1,8894.0,1,7687.0,1,9730.0,2
C1161,24.65593912608575,46.714969466698655,1550.678772979487,3,Al Malaz,1552.0,4,1445.0,3,1168.0,3,1554.0,3
C1162,24.6669272012703,46.72163811291315,7315.663120374982,6,Al Malaz,6940.0,5,10308.0,6,8555.0,5,7638.0,7
C1163,24.633710608064952,46.76397317749233,1804.9549918204898,4,Al Malaz,1610.0,4,1676.0,5,1916.0,4,1763.0,3
C1164,24.651417201878694,46.69720496573531,42749.761994659326,5,Al Malaz,48970.0,6,34898.0,6,39727.0,5,38068.0,5
C1165,24.657872246317638,46.70136400152103,1139.5515519084279,7,Al Malaz,962.0,6,1056.0,6,972.0,6,1258.0,8
C1166,24.650643442263718,46.72562033868677,9211.237159643504,3,Al Malaz,10437.0,3,9881.0,4,9705.0,3,9384.0,4
C1167,24.65097483733079,46.73293643344687,2169.2623951672294,1,Al Malaz,2017.0,2,1967.0,0,2126.0,2,2468.0,1
C1168,24.68834922564741,46.73627956816897,2507.3097001430133,4,Al Malaz,2551.0,5,2357.0,3,2627.0,3,3010.0,5
C1169,24.667287312712503,46.72246658271929,3217.969152262712,3,Al Malaz,2689.0,3,3357.0,3,2814.0,4,3078.0,4
C1170,24.648508428607364,46.731316047464176,6390.65115986817,6,Al Malaz,6391.0,7,5968.0,6,5336.0,7,5754.0,5
C1171,24.641830707162704,46.74949165467766,2630.761520967684,6,Al Malaz,2330.0,6,2675.0,7,3245.0,5,2478.0,7
C1172,24.642200562749505,46.72114057822533,6466.362545287117,2,Al Malaz,4805.0,1,6411.0,2,5550.0,1,5908.0,2
C1173,24.651411221313975,46.73337132109539,960.0119029134818,2,Al Malaz,958.0,2,806.0,3,957.0,3,691.0,3
C1174,24.66636810208802,46.72919697885443,1928.2359219672387,2,Al Malaz,1916.0,2,1944.0,3,2312.0,2,2402.0,1
C1175,24.667828134653,46.72249346594384,2152.3547555496093,3,Al Malaz,2419.0,4,1775.0,2,1565.0,3,2297.0,3
C1176,24.65958323674723,46.727763428378566,2240.9265632472416,3,Al Malaz,2338.0,2,2547.0,4,2474.0,2,3015.0,2
C1177,24.65487427865087,46.7396684991853,3231.820203536393,4,Al Malaz,2751.0,5,2775.0,4,3265.0,3,2996.0,4
C1178,24.67787563142296,46.72676966216921,7892.976926088374,0,Al Malaz,7186.0,1,7593.0,0,7724.0,0,8632.0,0
C1179,24.680375330620944,46.73547465851022,8202.300548287945,2,Al Malaz,5198.0,2,5960.0,3,8531.0,2,8593.0,2
C1180,24.649343940772575,46.72101378846282,2683.158175789778,2,Al Malaz,2242.0,3,2498.0,3,2210.0,2,2678.0,1
C1181,24.674202347481074,46.7396663160021,3316.866154345573,8,Al Malaz,3957.0,8,2691.0,9,2220.0,9,3814.0,8
C1182,24.67688418888027,46.71422324792995,5083.096968176862,2,Al Malaz,6227.0,2,6200.0,3,6511.0,2,5127.0,1
C1183,24.679070024763522,46.71788597894227,9113.79989922859,4,Al Malaz,10151.0,5,8925.0,5,8726.0,4,9087.0,4
C1184,24.646838595104708,46.724061840336276,15760.174550965156,3,Al Malaz,16482.0,4,16942.0,3,17846.0,2,16258.0,2
C1185,24.66399128848939,46.71820815926911,4211.044949943861,5,Al Malaz,4581.0,6,3103.0,4,4904.0,4,2885.0,6
C1186,24.6838305569925,46.73009611121214,1754.0325054887908,3,Al Malaz,1882.0,3,1425.0,3,1829.0,2,1586.0,3
C1187,24.639351749399363,46.71260023820446,8579.403563409665,9,Al Malaz,6387.0,8,8338.0,10,9161.0,10,7738.0,8
C1188,24.649440168332625,46.730975197653,3882.7565821862104,2,Al Malaz,3385.0,3,3087.0,1,4294.0,2,4841.0,2
C1189,24.639706838421702,46.72525954976273,4304.250610186865,2,Al Malaz,5063.0,1,5023.0,2,5313.0,2,4705.0,3
C1190,24.657239505418865,46.74744156336593,2516.4240838171036,4,Al Malaz,2958.0,4,2358.0,3,2700.0,5,2823.0,3
C1191,24.64978594616959,46.71654612526942,1823.420141355612,4,Al Malaz,1890.0,3,1858.0,3,2165.0,4,2004.0,3
C1192,24.651023361831818,46.73174039028037,17017.802693556026,2,Al Malaz,16253.0,2,17731.0,1,16282.0,2,16688.0,1
C1193,24.648744695606496,46.7336027708257,9008.819415561979,3,Al Malaz,8504.0,4,8779.0,4,8443.0,3,11236.0,2
C1194,24.66230523003612,46.716400299599286,2276.902801821682,3,Al Malaz,2096.0,3,2532.0,2,2306.0,4,2228.0,4
C1195,24.658012771751302,46.738527091538586,5174.988260366708,3,Al Malaz,4470.0,3,4640.0,3,5483.0,4,4162.0,4
C1196,24.64267680072344,46.72834822717419,4208.416836002281,3,Al Malaz,3012.0,4,4423.0,4,4544.0,2,4627.0,2
C1197,24.65693794246752,46.72703497054463,6159.055621834999,4,Al Malaz,6300.0,4,7234.0,4,7941.0,4,7262.0,3
C1198,24.65311305113231,46.71915247885879,4244.230748943621,3,Al Malaz,3964.0,3,4364.0,2,4774.0,4,4345.0,2
C1199,24.669396898505557,46.71094325558079,1112.9172989314393,2,Al Malaz,1079.0,3,1130.0,3,1124.0,3,1181.0,2
C1200,24.66119307228678,46.702242999199655,6609.607326340726,1,Al Malaz,8293.0,0,6260.0,0,8562.0,1,7583.0,0
C1201,24.64354800397635,46.71692093835221,4404.848241187625,6,Al Malaz,4795.0,7,4427.0,6,4621.0,7,5417.0,5
C1202,24.674860071126986,46.72369753662123,2376.0152741108222,5,Al Malaz,2131.0,5,2606.0,6,2503.0,5,2597.0,6
C1203,24.677270470655124,46.73214153811707,4767.200795211228,3,Al Malaz,5181.0,3,4577.0,3,5117.0,3,5967.0,4
C1204,24.664183391415232,46.73360829841125,761.1315774667556,0,Al Malaz,592.0,1,569.0,0,724.0,0,800.0,0
C1205,24.65084454051698,46.73117398708827,663.5083143527868,3,Al Malaz,767.0,3,677.0,3,556.0,4,870.0,3
C1206,24.668307208659908,46.72691978926051,8485.23639935424,7,Al Malaz,8823.0,7,8266.0,8,8654.0,7,6874.0,6
C1207,24.651550727201,46.70756158167283,11356.912205061724,3,Al Malaz,11040.0,3,12105.0,4,10838.0,2,13010.0,2
C1208,24.643390684747914,46.71156388321538,9748.620295410337,1,Al Malaz,10582.0,2,9770.0,1,8501.0,2,10242.0,0
C1209,24.669574622444475,46.75341641064879,6561.042372355804,5,Al Malaz,7982.0,5,8067.0,6,6680.0,4,6734.0,5
C1210,24.661679612886022,46.715666952665124,3281.9817753826883,5,Al Malaz,3059.0,5,2685.0,4,3186.0,4,2705.0,4
C1211,24.67076318783608,46.73592643047142,10138.017319685696,4,Al Malaz,8662.0,5,8643.0,3,9250.0,5,11804.0,5
C1212,24.672303599335883,46.720585595966305,3481.251168017612,5,Al Malaz,4575.0,6,3804.0,6,2564.0,6,3415.0,5
C1213,24.64720425890455,46.73881212004497,4189.316419860562,6,Al Malaz,4202.0,7,3535.0,5,4086.0,7,3627.0,7
C1214,24.67209707621259,46.720355436209864,10912.924358861766,7,Al Malaz,13339.0,6,11397.0,7,13764.0,6,10018.0,8
C1215,24.650206352307258,46.739550163977825,1727.8882314418113,3,Al Malaz,1556.0,2,1717.0,4,1956.0,4,1686.0,2
C1216,24.66016986182135,46.71729006098074,7005.636323058565,2,Al Malaz,7404.0,3,4943.0,1,8132.0,3,7173.0,3
C1217,24.64526373088297,46.73765069608206,3850.1861922763087,4,Al Malaz,3487.0,5,4215.0,5,3839.0,4,3381.0,5
C1218,24.672743795457098,46.7434243539995,15495.695716146582,4,Al Malaz,16963.0,4,18573.0,4,17929.0,5,13575.0,3
C1219,24.670156649040653,46.739313471744424,6652.967683100058,4,Al Malaz,6385.0,3,6830.0,3,5991.0,3,7113.0,5
C1220,24.680828221633124,46.72861884691033,9782.063729661397,6,Al Malaz,8817.0,7,7719.0,7,9122.0,5,9771.0,6
C1221,24.662481071186477,46.74215127419739,1995.6399094237254,5,Al Malaz,2456.0,4,2220.0,6,2150.0,5,2581.0,4
C1222,24.659766525172966,46.72657482617603,692.0842240335146,2,Al Malaz,727.0,1,583.0,1,546.0,1,656.0,1
C1223,24.67775857040559,46.73345799073611,10030.252300333963,6,Al Malaz,7016.0,6,9810.0,6,10119.0,7,11200.0,6
C1224,24.67336752239555,46.73160975790337,3932.4338032946002,4,Al Malaz,3798.0,5,4156.0,4,4109.0,5,4958.0,3
C1225,24.652670677644974,46.75605145112738,12877.650810296898,2,Al Malaz,11132.0,1,11343.0,2,16106.0,2,12626.0,2
C1226,24.658957853905573,46.73394064289864,5680.272949951475,4,Al Malaz,4656.0,4,4238.0,5,5093.0,3,6541.0,3
C1227,24.68180521147949,46.725702649294384,4244.794053746521,3,Al Malaz,3880.0,3,4138.0,4,4512.0,2,4469.0,3
C1228,24.6432609207264,46.73178496696788,4100.654900996337,7,Al Malaz,3812.0,7,4057.0,6,3706.0,7,4170.0,7
C1229,24.665908423062017,46.71762702877453,3955.456651851042,1,Al Malaz,3977.0,0,3440.0,2,3637.0,1,4908.0,0
C1230,24.65806230521324,46.73481244307713,3651.2080203351006,5,Al Malaz,3223.0,5,3215.0,4,2191.0,6,3162.0,6
C1231,24.678567421149214,46.74844507426568,2463.3697216097985,6,Al Malaz,1783.0,7,2721.0,5,2121.0,7,2271.0,7
C1232,24.670993277067193,46.72111853941875,4199.929650744499,3,Al Malaz,3868.0,4,4125.0,2,4919.0,4,3166.0,3
C1233,24.68096855635751,46.73844934763092,1839.7926905187742,3,Al Malaz,2081.0,4,1704.0,2,1982.0,2,1825.0,4
C1234,24.65352832250608,46.72884065349399,1595.2199184479432,2,Al Malaz,1272.0,1,1448.0,1,1633.0,3,1837.0,2
C1235,24.638934962159542,46.71146053974983,1628.1306023617556,2,Al Murabba,1779.0,1,1661.0,3,2224.0,3,1583.0,2
C1236,24.636329210150635,46.72023985604844,2887.9149218349658,1,Al Murabba,3086.0,0,2914.0,1,3121.0,2,3257.0,1
C1237,24.627588138097593,46.709074741969765,7896.540401043662,1,Al Murabba,7374.0,1,7659.0,0,6451.0,1,7105.0,2
C1238,24.633598471863404,46.727033612728405,10730.444588062932,3,Al Murabba,11229.0,4,8487.0,2,10413.0,3,12597.0,2
C1239,24.66196782720843,46.70209909785552,3821.8515178443545,5,Al Murabba,3398.0,5,3595.0,6,3791.0,6,3795.0,5
C1240,24.65120672137541,46.70149394522054,667.3644202556195,4,Al Murabba,628.0,5,603.0,4,827.0,4,628.0,4
C1241,24.648213821745202,46.6964790995234,2417.851417480343,3,Al Murabba,2051.0,4,2430.0,4,2097.0,4,3012.0,3
C1242,24.657315785398236,46.72043673566139,6788.962168110493,2,Al Murabba,7261.0,1,7908.0,1,7219.0,1,6841.0,1
C1243,24.643939547747344,46.69207824730211,3377.805726260245,3,Al Murabba,4068.0,2,3832.0,4,3870.0,4,3688.0,3
C1244,24.64268947520198,46.7003982007698,1717.2791661387016,4,Al Murabba,1544.0,3,1871.0,5,1512.0,4,1763.0,4
C1245,24.63038831262069,46.734327269342714,1519.9342383317023,6,Al Murabba,1791.0,5,1537.0,7,1541.0,5,1688.0,6
C1246,24.643415057529435,46.72367110894232,5817.504612377776,1,Al Murabba,3971.0,1,5513.0,2,4087.0,2,5972.0,0
C1247,24.6319888643607,46.73724659249649,2479.289609070165,3,Al Murabba,2153.0,4,2589.0,2,2517.0,3,2072.0,3
C1248,24.646848275070294,46.71771470533487,15819.783349208703,4,Al Murabba,13440.0,4,14638.0,4,10661.0,4,16608.0,4
C1249,24.636007704371387,46.7257778498078,1467.7762772477645,8,Al Murabba,1844.0,9,1387.0,7,1385.0,7,1582.0,8
C1250,24.637375692925524,46.70275335056365,5365.05077317971,2,Al Murabba,4894.0,3,4677.0,2,6738.0,1,5713.0,1
C1251,24.655298313785558,46.67338687485733,4591.245415547392,1,Al Murabba,5125.0,2,4532.0,1,4873.0,1,4482.0,1
C1252,24.640777597871413,46.710969528982524,3637.940998648861,5,Al Murabba,2528.0,4,3578.0,5,3668.0,6,4621.0,5
C1253,24.655558384860775,46.697798525767155,2536.2987355273904,4,Al Murabba,2580.0,3,3207.0,3,2595.0,3,2293.0,5
C1254,24.65369946466589,46.71606198234795,14982.745186477441,3,Al Murabba,16250.0,3,16118.0,4,19786.0,4,15383.0,4
C1255,24.66238530292543,46.70660659993471,3552.569813277874,2,Al Murabba,3534.0,1,3338.0,2,3847.0,2,3693.0,2
C1256,24.638752480285785,46.71642426173299,1369.4849807031803,3,Al Murabba,814.0,4,1518.0,2,1582.0,4,1168.0,4
C1257,24.640467671301113,46.71007865539363,3858.791152355619,4,Al Murabba,3961.0,5,3572.0,3,3612.0,3,3232.0,4
C1258,24.654500272329358,46.705929440795316,1212.0803517078784,2,Al Murabba,1359.0,1,1385.0,3,1135.0,2,1339.0,1
C1259,24.63953582980949,46.71118555504436,13647.910400902556,6,Al Murabba,16340.0,7,15128.0,7,11544.0,5,15098.0,6
C1260,24.630098317829717,46.71612162640273,34727.946489217546,6,Al Murabba,36798.0,5,49226.0,5,33851.0,7,35740.0,5
C1261,24.624126553164114,46.714953473826434,5797.71749947959,1,Al Murabba,4337.0,0,4851.0,2,5202.0,2,4510.0,0
C1262,24.648832821625273,46.71542522919303,7741.335884732838,2,Al Murabba,7501.0,2,7618.0,2,8880.0,3,7487.0,1
C1263,24.630101036272197,46.708460431209325,2322.4198268245477,3,Al Murabba,2636.0,3,2272.0,4,2545.0,4,2423.0,3
C1264,24.645438784487656,46.685188450622036,3917.6779535229,0,Al Murabba,3439.0,0,4067.0,1,3852.0,0,4303.0,0
C1265,24.638361358406744,46.734523497517785,1689.5281559577334,2,Al Murabba,1832.0,2,1856.0,3,1555.0,3,1994.0,3
C1266,24.650986110220952,46.70067486579278,3158.3787182947026,7,Al Murabba,2933.0,7,2693.0,8,1806.0,6,3394.0,8
C1267,24.642497263980335,46.70001910721352,4827.760359823891,0,Al Murabba,4895.0,0,4293.0,0,4408.0,1,5541.0,1
C1268,24.62783203486238,46.69775276632728,14212.622831655737,4,Al Murabba,15823.0,3,14765.0,3,14866.0,3,17738.0,5
C1269,24.635120669997676,46.71126330498717,3441.8240553164046,1,Al Murabba,3078.0,0,3909.0,1,3782.0,1,2315.0,1
C1270,24.659256247410312,46.70993264567637,3497.3290679380843,2,Al Murabba,4994.0,3,2908.0,1,1900.0,1,4028.0,2
C1271,24.654758200601584,46.726720961521735,1147.8028691615234,2,Al Murabba,1174.0,1,883.0,2,740.0,1,1086.0,1
C1272,24.640841803908053,46.72017867400494,5127.994942093902,9,Al Murabba,5391.0,10,5955.0,8,5252.0,8,5529.0,9
C1273,24.64910126280485,46.71046543854862,2848.9552966140986,2,Al Murabba,2533.0,3,3183.0,1,2415.0,1,2960.0,2
C1274,24.648114027383873,46.68534895308682,5406.464689558872,3,Al Murabba,5457.0,4,6233.0,3,5236.0,2,4659.0,2
C1275,24.63999452607729,46.697989352460176,11504.917105180613,2,Al Murabba,11044.0,2,9821.0,1,10706.0,2,10110.0,2
C1276,24.644955408242197,46.71601686871536,8615.416746010025,7,Al Murabba,6735.0,6,8321.0,8,9372.0,8,9231.0,6
C1277,24.642207241575026,46.740591568696054,6089.8518283513,3,Al Murabba,4695.0,2,6259.0,4,4417.0,4,5985.0,3
C1278,24.651701953161457,46.70688002178837,1741.7627703123276,2,Al Murabba,1817.0,1,1844.0,3,1596.0,3,1940.0,2
C1279,24.680948409957118,46.72141812687254,2767.5571536880675,8,Al Murabba,2731.0,7,2705.0,7,3156.0,8,2638.0,9
C1280,24.664371200017566,46.696156600445,3084.5457853221324,5,Al Murabba,1870.0,6,3046.0,4,3182.0,6,4064.0,4
C1281,24.64418432768292,46.71105075163164,3825.7335142637767,2,Al Murabba,2597.0,2,4368.0,3,3359.0,2,3718.0,3
C1282,24.649896738299038,46.706190009761116,4066.416022980811,4,Al Murabba,3879.0,4,3789.0,5,4343.0,5,5314.0,5
C1283,24.634302481846216,46.718829092589374,6223.714666352975,6,Al Murabba,6160.0,7,5698.0,6,6492.0,7,5597.0,6
C1284,24.6418338985518,46.713969271494555,2438.3559013656304,5,Al Murabba,2660.0,4,2274.0,4,2119.0,5,2655.0,5
C1285,24.637768156028944,46.71705357943699,32382.853661944468,1,Al Murabba,26372.0,0,29821.0,1,35724.0,1,37898.0,0
C1286,24.651528715793972,46.67663595677264,4910.2978276191925,5,Al Murabba,5346.0,5,4978.0,5,5405.0,5,4026.0,5
C1287,24.64028113315326,46.70931538386854,1505.186567725224,7,Al Murabba,1436.0,8,1452.0,6,1477.0,6,1308.0,8
C1288,24.659991870246184,46.70846777344243,5468.49155299019,6,Al Murabba,5053.0,6,5093.0,6,6236.0,5,5834.0,7
C1289,24.647054436657836,46.68821753145368,7712.013090452232,1,Al Murabba,7548.0,0,9260.0,2,6379.0,2,9049.0,1
C1290,24.667011995622158,46.734331652069216,1694.6047435150927,6,Al Murabba,1945.0,6,1760.0,6,1888.0,7,2042.0,6
C1291,24.645817859189847,46.69112628581308,1926.4189622143588,3,Al Murabba,2087.0,2,1823.0,3,1873.0,2,2096.0,4
C1292,24.624328874201428,46.69980990753992,2851.675165073839,5,Al Murabba,3232.0,6,3358.0,4,2457.0,6,3305.0,5
C1293,24.641340551453432,46.72459111916955,6425.61022656996,1,Al Murabba,5763.0,1,5881.0,0,5863.0,1,5403.0,2
C1294,24.65324364761459,46.72320008999308,9475.094848610788,2,Al Murabba,9072.0,3,9425.0,1,11122.0,1,8975.0,3
C1295,24.64668072191348,46.68302318942859,12968.855788454559,3,Al Murabba,10708.0,2,12727.0,2,11912.0,2,15767.0,3
C1296,24.652972219370998,46.68960675472963,6883.838088597148,4,Al Murabba,6312.0,3,6278.0,4,6535.0,3,6393.0,3
C1297,24.621305130066183,46.715548521565566,16961.072057303565,4,Al Murabba,15953.0,4,15935.0,3,15328.0,3,16511.0,5
C1298,24.644745867543847,46.72436996295655,6773.835578197739,9,Al Murabba,6301.0,8,6821.0,10,5984.0,10,5136.0,8
C1299,24.723763338321366,46.82093456054232,10916.669047652353,2,Al Naseem,12084.0,2,8604.0,3,12482.0,3,10707.0,2
C1300,24.716991095420827,46.82296992439787,2091.979647777461,6,Al Naseem,2225.0,6,1964.0,6,2780.0,5,1630.0,5
C1301,24.720251865245352,46.832031732667645,7920.6460556980055,1,Al Naseem,8823.0,0,8165.0,1,9499.0,2,8393.0,2
C1302,24.72641926389779,46.81598102901285,4910.057043857227,4,Al Naseem,5004.0,5,5080.0,5,5283.0,5,5987.0,5
C1303,24.749325252886344,46.81943727225118,6029.772387039597,0,Al Naseem,7000.0,1,6257.0,0,6711.0,0,6349.0,0
C1304,24.758982186450183,46.82316350208508,1706.0373200789538,2,Al Naseem,1735.0,3,2272.0,1,1620.0,1,1760.0,3
C1305,24.74201183079584,46.83063983890584,8427.164015644576,2,Al Naseem,9648.0,3,9190.0,2,7815.0,1,8008.0,1
C1306,24.741251397978033,46.81033008244448,3350.8155838998905,3,Al Naseem,3604.0,3,3264.0,3,2771.0,2,3642.0,4
C1307,24.720176004506232,46.825645731654085,3217.6142314458266,6,Al Naseem,3572.0,7,3145.0,7,3907.0,7,2729.0,7
C1308,24.71529434009634,46.81582000379838,4977.471848158574,3,Al Naseem,4927.0,3,4950.0,3,4732.0,4,4686.0,4
C1309,24.722694554119627,46.82528790152049,4853.4669451586615,6,Al Naseem,3952.0,6,5132.0,6,4342.0,6,6397.0,5
C1310,24.72507569599467,46.82514837374852,1429.331871603336,5,Al Naseem,1120.0,6,1361.0,4,1296.0,6,1172.0,4
C1311,24.755437885518123,46.82801596219069,2210.206794054648,2,Al Naseem,2859.0,1,2677.0,2,2275.0,1,2047.0,3
C1312,24.76130921055655,46.82423572993217,7879.033361333018,5,Al Naseem,8337.0,4,6590.0,4,7245.0,5,6357.0,6
C1313,24.74769831662091,46.82663943559908,5328.650006398875,5,Al Naseem,5683.0,6,5783.0,6,5348.0,5,6310.0,6
C1314,24.742574953856284,46.82656506889823,8073.059548911463,7,Al Naseem,7871.0,8,8613.0,6,8280.0,8,7857.0,6
C1315,24.71579590582168,46.80927887506204,6894.250132052349,7,Al Naseem,6420.0,7,5728.0,8,8268.0,6,5683.0,8
C1316,24.717236057361387,46.81307625412516,1856.7786474718323,4,Al Naseem,2657.0,5,2014.0,5,1517.0,3,1535.0,3
C1317,24.730716958376345,46.83333722426809,10255.314877094972,3,Al Naseem,8533.0,3,11018.0,4,10715.0,4,11960.0,2
C1318,24.744344851590256,46.81720456586273,1753.625174798421,3,Al Naseem,1737.0,4,1584.0,3,1575.0,2,1935.0,4
C1319,24.724108423229875,46.83235961452878,1937.3818743359557,7,Al Naseem,1922.0,8,2569.0,8,1816.0,7,2173.0,6
C1320,24.73727141701995,46.80440551600866,1520.973932467647,4,Al Naseem,1263.0,4,1668.0,5,1888.0,3,1517.0,5
C1321,24.73713618017754,46.79662844140632,16233.78907147375,0,Al Naseem,13137.0,0,15383.0,0,17756.0,0,18438.0,0
C1322,24.71771015316652,46.79797707011932,1496.4657302950673,1,Al Naseem,1339.0,1,1386.0,2,1412.0,0,1789.0,1
C1323,24.72367678041375,46.840333463026326,3413.386137183537,2,Al Naseem,3237.0,3,3032.0,2,3665.0,1,3762.0,1
C1324,24.722706617278735,46.79981865983861,1743.353755588379,1,Al Naseem,1616.0,0,1798.0,2,1740.0,2,1353.0,0
C1325,24.732675058713962,46.82286531056686,1986.2033810001835,3,Al Naseem,2228.0,3,1993.0,4,2315.0,2,1436.0,3
C1326,24.72670535229817,46.803833108022,1829.122573129968,7,Al Naseem,1506.0,8,1450.0,7,1699.0,8,1455.0,7
C1327,24.74399367698014,46.83791108660347,14743.082679539853,4,Al Naseem,15638.0,3,12472.0,3,15827.0,3,15396.0,4
C1328,24.730613530391764,46.81770034315075,12417.612823127894,8,Al Naseem,15153.0,9,11082.0,9,12051.0,8,9816.0,7
C1329,24.73261888418224,46.816391623546814,1246.6151312276356,1,Al Naseem,1414.0,1,1168.0,1,1250.0,1,1059.0,2
C1330,24.72437247186548,46.8106062319195,8907.138505621742,4,Al Naseem,7385.0,4,8398.0,5,8716.0,3,8998.0,4
C1331,24.739938783723755,46.84031053302388,1769.3016592068855,4,Al Naseem,985.0,5,1591.0,3,1609.0,3,1555.0,5
C1332,24.728241985752284,46.81089558628956,5027.5886212706255,2,Al Naseem,5665.0,1,5460.0,2,5113.0,1,4127.0,1
C1333,24.7398014432811,46.809144812477136,2003.1027501639062,3,Al Naseem,2152.0,4,2263.0,3,2297.0,3,2289.0,2
C1334,24.740607108271664,46.81445419588957,2362.7072375691623,2,Al Naseem,2155.0,3,2375.0,3,2154.0,1,2541.0,1
C1335,24.74361101953218,46.81182130206194,10377.003441299214,4,Al Naseem,12370.0,3,7069.0,4,9795.0,5,11598.0,3
C1336,24.732477385662083,46.829912855093546,3209.3454525327893,3,Al Naseem,3015.0,2,3120.0,3,3389.0,3,3648.0,4
C1337,24.736678067037143,46.82420050207775,2285.560177963678,8,Al Naseem,2323.0,7,2456.0,7,2033.0,9,2769.0,7
C1338,24.702876022636595,46.8358647713096,973.8631926949181,0,Al Naseem,822.0,1,957.0,0,1101.0,0,972.0,0
C1339,24.727659629495353,46.823463358336774,7256.734283148617,4,Al Naseem,7604.0,5,7498.0,4,8026.0,4,7087.0,5
C1340,24.731839225036364,46.813978605348844,4118.385709112571,0,Al Naseem,3853.0,0,4156.0,1,2724.0,0,3091.0,0
C1341,24.734816694147103,46.81338442518055,2458.6833064868556,2,Al Naseem,2273.0,3,1921.0,1,2224.0,2,2380.0,1
C1342,24.697513627697397,46.810990323717306,7709.244803261297,4,Al Naseem,8958.0,4,4884.0,4,6487.0,3,7066.0,4
C1343,24.76538834006752,46.817119387562265,5917.933299460768,4,Al Naseem,6108.0,4,6409.0,4,6651.0,4,6824.0,3
C1344,24.71662836512401,46.815264508767314,5071.601175466544,2,Al Naseem,3934.0,3,4665.0,1,5783.0,2,5575.0,1
C1345,24.72069597794201,46.81145174643493,4728.653825272663,2,Al Naseem,5219.0,2,4981.0,3,3896.0,1,5743.0,3
C1346,24.729474886528887,46.83112499295248,2883.996467703606,3,Al Naseem,3246.0,3,2742.0,2,2595.0,2,3343.0,3
C1347,24.745486330217606,46.8232471488318,3756.427241986941,5,Al Naseem,3288.0,4,3644.0,6,3717.0,5,4406.0,5
C1348,24.733696961617223,46.816987130716015,11488.122214827965,6,Al Naseem,10811.0,5,13665.0,5,10876.0,5,12386.0,5
C1349,24.73872388722361,46.81910842382225,4502.253104263052,5,Al Naseem,4539.0,4,3708.0,5,4988.0,6,4601.0,6
C1350,24.736332746970707,46.82774571427544,4983.307381639862,5,Al Naseem,4797.0,5,4947.0,5,5713.0,4,4718.0,4
C1351,24.73559414536896,46.80382449360139,1740.0460186066757,3,Al Naseem,1772.0,4,1459.0,2,1895.0,3,1738.0,4
C1352,24.725654516760713,46.79603561857458,711.8373630461831,1,Al Naseem,781.0,0,715.0,1,828.0,2,615.0,1
C1353,24.733416137845552,46.82781469554857,827.1566100459052,3,Al Naseem,766.0,2,878.0,4,943.0,2,875.0,4
C1354,24.726803722521286,46.801089324925336,3021.4145304801887,4,Al Naseem,3964.0,4,3284.0,4,2994.0,5,2989.0,4
C1355,24.716563389569842,46.83297523402815,2372.582371572321,4,Al Naseem,2119.0,4,2410.0,4,2224.0,3,1681.0,5
C1356,24.74119486666815,46.821059364454186,9106.895228871224,1,Al Naseem,8371.0,2,7263.0,0,8126.0,2,5573.0,1
C1357,24.726381769594294,46.8187246642238,3009.8313536225555,6,Al Naseem,3899.0,7,3097.0,6,3379.0,6,2697.0,5
C1358,24.73871644954748,46.84377510902738,1719.108017312046,3,Al Naseem,2334.0,2,1928.0,2,1948.0,3,1605.0,3
C1359,24.72494040781694,46.82063702802239,2601.194640699203,4,Al Naseem,2616.0,4,2955.0,3,2996.0,4,2490.0,5
C1360,24.728378990917367,46.80201189008213,10734.60242358185,2,Al Naseem,10433.0,2,13947.0,1,10232.0,3,12739.0,3
C1361,24.73205225303418,46.81252281889637,4595.151614286958,2,Al Naseem,3856.0,3,4937.0,3,4337.0,2,4181.0,1
C1362,24.717372741798386,46.80218547541292,25012.543796391765,5,Al Naseem,29300.0,5,21238.0,6,26035.0,4,20442.0,4
C1363,24.735229790145965,46.821879938156854,5120.615950076242,3,Al Naseem,5254.0,3,4712.0,4,6078.0,3,5403.0,2
C1364,24.73396898588893,46.81190202277111,3290.5512551536353,3,Al Naseem,2873.0,2,3311.0,2,3470.0,4,3765.0,3
C1365,24.75489820035533,46.819006625963944,57224.56396094658,3,Al Naseem,60709.0,2,65428.0,4,59226.0,4,70776.0,4
C1366,24.732138619532353,46.844991891664414,1474.685991777786,3,Al Naseem,1778.0,4,1226.0,2,1297.0,2,1259.0,2
C1367,24.72587521535283,46.82887158233201,4783.750925490708,4,Al Naseem,5276.0,4,5378.0,4,5106.0,5,4609.0,3
C1368,24.72973825997313,46.80235045285401,1468.549095187249,2,Al Naseem,1955.0,3,1596.0,3,1588.0,1,1378.0,3
C1369,24.730378685175285,46.82032232473079,3396.8133971576585,2,Al Naseem,3988.0,3,2956.0,2,2926.0,3,4134.0,1
C1370,24.72273034470733,46.803073198733436,2488.5240538247817,6,Al Naseem,2653.0,6,2690.0,6,3139.0,5,2738.0,6
C1371,24.720925956551906,46.81821206621128,9012.575643762706,2,Al Naseem,8968.0,1,7980.0,3,7804.0,2,9040.0,2
C1372,24.73120900078769,46.824463775275795,4122.9150919075355,6,Al Naseem,4463.0,6,4097.0,6,4697.0,7,4551.0,6
C1373,24.73072725777778,46.8258499770345,3430.8024189028197,2,Al Naseem,4057.0,3,3263.0,3,3334.0,3,3253.0,3
C1374,24.74908256406446,46.82072927957666,8882.328235491297,2,Al Naseem,10026.0,1,9130.0,3,9111.0,1,8618.0,1
C1375,24.718169575716438,46.826165750696354,10088.897085716844,7,Al Naseem,11685.0,7,8336.0,7,8935.0,6,10032.0,6
C1376,24.74993646228027,46.82789502908443,6837.32321891134,7,Al Naseem,7066.0,6,7310.0,7,6280.0,6,6340.0,7
C1377,24.73276788576933,46.82271274034736,7499.699962740495,3,Al Naseem,8362.0,4,5138.0,3,8291.0,3,7222.0,4
C1378,24.728923719677255,46.81667793559715,2555.553346797126,7,Al Naseem,3021.0,8,2393.0,6,2487.0,8,2683.0,6
C1379,24.735759744720973,46.81972000794589,15883.347458442917,5,Al Naseem,15489.0,6,14513.0,6,15112.0,6,16420.0,6
C1380,24.736147631011697,46.81886869797953,2245.1355061586137,2,Al Naseem,1809.0,1,2736.0,2,2544.0,3,2721.0,1
C1381,24.705425029096663,46.820274512160324,7491.524469234567,5,Al Naseem,9431.0,4,8021.0,5,8295.0,6,8412.0,5
C1382,24.733234468558788,46.83281000352568,11320.631019494731,5,Al Naseem,12311.0,6,10470.0,4,11620.0,5,11188.0,6
C1383,24.737758532791442,46.818080333059996,6432.4714201634,2,Al Naseem,6008.0,1,5577.0,1,6666.0,3,4398.0,1
C1384,24.74389670383107,46.833401760367956,3087.850595180073,2,Al Naseem,3196.0,3,3085.0,2,3880.0,3,2427.0,3
C1385,24.73955130702987,46.809936925065806,2104.430282128997,6,Al Naseem,2026.0,7,1904.0,7,2057.0,5,1949.0,5
C1386,24.744953347752826,46.8384766889706,5831.835264980118,2,Al Naseem,4340.0,1,7654.0,2,6179.0,3,5501.0,1
C1387,24.74864890693747,46.802230111119215,7651.865706298673,3,Al Naseem,7441.0,2,4585.0,3,8150.0,3,6199.0,2
C1388,24.713086014261535,46.80556501988246,2737.0631084885167,7,Al Naseem,2152.0,6,2747.0,7,2177.0,7,2584.0,7
C1389,24.735873238481677,46.814804119456596,889.7519496891135,7,Al Naseem,917.0,8,573.0,7,638.0,8,902.0,7
C1390,24.727259892569354,46.81091121992132,3155.8151676498965,8,Al Naseem,3104.0,7,3604.0,8,3222.0,7,2862.0,8
C1391,24.74205031379704,46.81395321083571,4016.4240829506684,3,Al Naseem,4699.0,4,3534.0,4,4540.0,3,3925.0,3
C1392,24.72989585443568,46.8222627915085,4267.730547576966,4,Al Naseem,4191.0,5,5218.0,4,4404.0,4,4200.0,3
C1393,24.736300380652327,46.797109480638326,17184.07325210313,0,Al Naseem,18148.0,1,15752.0,1,15867.0,0,15405.0,0
C1394,24.728737991820182,46.83386807749112,4702.501638963208,2,Al Naseem,4492.0,1,5400.0,3,4257.0,3,4107.0,1
C1395,24.717164254227484,46.818673636334246,6058.708440605496,2,Al Naseem,5714.0,2,6199.0,1,6799.0,2,5930.0,2
C1396,24.737904485567636,46.82105358960733,1698.8760607620839,4,Al Naseem,1343.0,3,1975.0,3,1628.0,5,1759.0,3
C1397,24.734893148514175,46.824037620360464,1846.8238923045792,6,Al Naseem,2121.0,6,1842.0,6,1412.0,7,1565.0,5
C1398,24.734804302142788,46.816955929329474,12213.398194030542,2,Al Naseem,12526.0,3,6975.0,2,13468.0,2,8600.0,2
C1399,24.71799555345754,46.82878192238943,2511.923503525889,4,Al Naseem,2292.0,5,2239.0,5,2606.0,3,2159.0,5
C1400,24.718931767218663,46.82792278131682,3717.188125966648,0,Al Naseem,3833.0,0,2871.0,0,3934.0,0,3974.0,0
C1401,24.705764649980743,46.82420006264313,1345.3387073382148,6,Al Naseem,1262.0,6,1519.0,7,1555.0,7,1029.0,7
C1402,24.73136697404889,46.813034695497535,1053.8338472869248,1,Al Naseem,939.0,1,1128.0,2,1262.0,1,1190.0,2
C1403,24.725656902798967,46.82008915998972,3268.743687955279,2,Al Naseem,3391.0,1,3253.0,3,3546.0,3,2982.0,2
C1404,24.75257902407478,46.74017875505266,14346.416105894068,2,Al Rawdah,16961.0,2,15193.0,1,14008.0,1,14550.0,1
C1405,24.73160521687913,46.75469770763966,7864.925652427917,6,Al Rawdah,7547.0,7,8041.0,5,5424.0,6,6962.0,5
C1406,24.755979620903737,46.72122077192385,14207.02124569217,2,Al Rawdah,11171.0,2,12971.0,2,14858.0,2,15333.0,3
C1407,24.754577047754925,46.76915478523311,14010.481715061149,4,Al Rawdah,12719.0,3,17831.0,3,13732.0,4,14052.0,3
C1408,24.758699598433463,46.748734514541184,3030.096340343982,1,Al Rawdah,3847.0,2,3116.0,1,3627.0,2,3178.0,0
C1409,24.75024712159065,46.74623462411624,3962.937743192141,2,Al Rawdah,3481.0,1,3831.0,3,4718.0,3,2843.0,3
C1410,24.758683596638264,46.756970443618506,6154.228155279686,3,Al Rawdah,7251.0,3,4834.0,4,6600.0,3,6763.0,2
C1411,24.776135404555998,46.74946698168097,3191.9659349426915,4,Al Rawdah,3078.0,4,2892.0,5,3844.0,3,2410.0,5
C1412,24.76417910260834,46.760020949451004,8456.98821003224,3,Al Rawdah,9396.0,4,8424.0,3,8382.0,3,8015.0,4
C1413,24.7529040994122,46.723050314338096,2135.8234953511587,10,Al Rawdah,2102.0,11,2070.0,10,2126.0,9,2284.0,11
C1414,24.76066400856101,46.745999757620666,9099.04972108964,3,Al Rawdah,6946.0,3,8430.0,3,7981.0,2,8806.0,4
C1415,24.758452967117996,46.74432962489773,789.2291281835069,3,Al Rawdah,740.0,4,779.0,3,755.0,3,842.0,2
C1416,24.748402194246736,46.75991304762688,1320.8685700923888,7,Al Rawdah,1739.0,7,1102.0,6,1365.0,8,1346.0,8
C1417,24.7640993669936,46.76618383037705,10464.580214905658,5,Al Rawdah,10258.0,5,10418.0,6,12121.0,4,10551.0,5
C1418,24.749459796333078,46.73483334252519,4729.270236636725,4,Al Rawdah,5130.0,5,3661.0,5,4226.0,4,4160.0,5
C1419,24.734648054061843,46.746634560688264,5071.966690634588,6,Al Rawdah,4816.0,7,4422.0,6,5682.0,5,5775.0,5
C1420,24.761965574735775,46.73692956812999,1623.8592035105235,1,Al Rawdah,1592.0,2,1444.0,1,2188.0,0,1876.0,0
C1421,24.777515194098733,46.748290205500616,3470.131301636832,3,Al Rawdah,3638.0,3,3880.0,2,2788.0,2,3188.0,3
C1422,24.768461173985834,46.7498759092804,3774.9982977246136,5,Al Rawdah,4044.0,4,4017.0,5,3639.0,6,3274.0,4
C1423,24.748702563085693,46.763060552252306,827.463391127107,5,Al Rawdah,1103.0,5,832.0,5,832.0,6,847.0,5
C1424,24.75807459498689,46.757973534409075,4817.268721561888,6,Al Rawdah,4806.0,5,4001.0,5,5542.0,6,4274.0,7
C1425,24.761693728396217,46.73138896379061,6805.848304867825,6,Al Rawdah,6623.0,5,6380.0,7,8817.0,6,6906.0,6
C1426,24.76060787551141,46.751616367880175,1815.626232078642,3,Al Rawdah,1635.0,2,2012.0,4,2150.0,2,2018.0,3
C1427,24.740073678973097,46.74438826922568,8755.108776323632,4,Al Rawdah,7032.0,5,10269.0,4,8725.0,3,9539.0,3
C1428,24.773526296637822,46.73273364134057,1842.9759411247067,3,Al Rawdah,1398.0,4,1446.0,2,1615.0,4,2222.0,2
C1429,24.769274402275343,46.75023821151487,6524.973144816993,3,Al Rawdah,7175.0,2,6088.0,2,6484.0,2,6921.0,2
C1430,24.773555754245255,46.76185451303744,6722.20115495335,1,Al Rawdah,4846.0,2,6788.0,0,6697.0,0,5691.0,1
C1431,24.761139339917392,46.74631182014985,1461.3126543842106,4,Al Rawdah,1770.0,4,1526.0,3,1517.0,3,1276.0,5
C1432,24.749409168467142,46.776957267493806,4630.9574308855845,2,Al Rawdah,5229.0,3,4611.0,1,4029.0,3,4960.0,2
C1433,24.75662313771156,46.7693222843181,3280.0975901077827,2,Al Rawdah,3136.0,1,3575.0,1,4025.0,2,4154.0,2
C1434,24.78068317276035,46.75903814677296,3676.9326372388355,2,Al Rawdah,3041.0,3,2899.0,3,3292.0,2,3472.0,1
C1435,24.762146416791516,46.74962384370796,34637.753613810346,4,Al Rawdah,34795.0,4,42138.0,4,38190.0,3,29947.0,3
C1436,24.777235114274426,46.75771341961271,1736.3362663771945,7,Al Rawdah,1743.0,6,1444.0,7,1795.0,6,2072.0,6
C1437,24.77372835904489,46.737905939678264,10527.323164538164,3,Al Rawdah,12311.0,2,10560.0,3,8844.0,4,10285.0,2
C1438,24.748985978500762,46.74096258614388,7443.952365135145,1,Al Rawdah,6618.0,1,7959.0,2,7531.0,1,8140.0,1
C1439,24.763730689271647,46.752636188853444,9946.355519375134,4,Al Rawdah,9387.0,3,11549.0,4,9994.0,4,11418.0,3
C1440,24.742969909084525,46.764252375969875,1952.6715535458827,3,Al Rawdah,1938.0,4,2194.0,3,1902.0,4,1670.0,4
C1441,24.760806292130987,46.74378039704913,700.9634617556474,3,Al Rawdah,672.0,3,785.0,2,786.0,2,662.0,4
C1442,24.750451658751697,46.73695584067301,4471.516268596782,3,Al Rawdah,4055.0,3,5264.0,4,4166.0,3,4095.0,2
C1443,24.73921019042788,46.757311081611306,3025.3757748743437,5,Al Rawdah,2249.0,6,2945.0,6,4169.0,6,3236.0,4
C1444,24.748856612326975,46.75407400878138,5352.386949539368,5,Al Rawdah,4038.0,6,5899.0,6,6255.0,4,5820.0,4
C1445,24.755022874177335,46.73538659942613,6296.301057779057,1,Al Rawdah,5661.0,2,7651.0,1,5455.0,1,5819.0,2
C1446,24.75392860265887,46.76678323738278,5167.752597895155,3,Al Rawdah,4996.0,4,4585.0,2,3274.0,4,5549.0,3
C1447,24.756998973164713,46.74138338859639,7573.742916867989,8,Al Rawdah,8712.0,7,6027.0,9,8993.0,7,5614.0,9
C1448,24.764284032745426,46.754859207005794,11647.951193484969,1,Al Rawdah,15688.0,1,9925.0,0,12100.0,1,12162.0,1
C1449,24.780127991885657,46.7557411537923,13568.890358371233,2,Al Rawdah,17064.0,2,16245.0,3,13755.0,3,14156.0,1
C1450,24.761598221242636,46.75072102114496,7448.286603258378,0,Al Rawdah,7893.0,1,8737.0,0,6385.0,0,7410.0,1
C1451,24.753652555099706,46.74392837539935,17711.031880060706,7,Al Rawdah,22710.0,7,16732.0,7,13965.0,7,13973.0,8
C1452,24.744937346728012,46.75280015492631,8565.806448209758,2,Al Rawdah,8421.0,3,8829.0,3,6217.0,1,8396.0,2
C1453,24.758217911380598,46.77761026296259,5240.113360603735,2,Al Rawdah,4829.0,3,5573.0,3,7239.0,2,4415.0,1
C1454,24.73942805309203,46.7496740923714,11542.860344449111,2,Al Rawdah,15554.0,2,13227.0,1,14301.0,3,13851.0,3
C1455,24.7580767417221,46.75796686837283,2372.9416194887704,6,Al Rawdah,1994.0,5,1725.0,5,2183.0,6,2262.0,7
C1456,24.757598177393064,46.75284154348363,11231.64869181614,5,Al Rawdah,10540.0,5,10291.0,6,14369.0,5,10839.0,5
C1457,24.75056678614293,46.74859414820586,7242.821395746856,2,Al Rawdah,6961.0,3,6945.0,2,5266.0,3,7088.0,3
C1458,24.776940419482994,46.759972729615676,12267.854393572557,6,Al Rawdah,14960.0,7,12780.0,6,13555.0,5,13135.0,6
C1459,24.782029538320515,46.75105051887199,11909.57958467421,2,Al Rawdah,10854.0,1,11994.0,2,13170.0,3,11972.0,2
C1460,24.758279074515098,46.77387251105221,1764.466854278962,4,Al Rawdah,1972.0,5,1678.0,5,1542.0,3,1888.0,4
C1461,24.740207607487612,46.75470904362685,1962.7625776113578,4,Al Rawdah,1844.0,5,2037.0,3,1833.0,4,1694.0,3
C1462,24.744507494066244,46.7627599255458,3606.24395723348,2,Al Rawdah,2947.0,2,2268.0,1,3053.0,2,4148.0,2
C1463,24.738382671766967,46.75528112207947,1784.5711844123787,4,Al Rawdah,1849.0,3,2563.0,3,1798.0,5,1650.0,4
C1464,24.775901235990055,46.74387185966176,3749.6488449775525,3,Al Rawdah,3846.0,3,4178.0,2,4485.0,4,4130.0,3
C1465,24.749683352724855,46.72675985110838,23955.577235130775,6,Al Rawdah,19817.0,6,26908.0,5,27517.0,6,24621.0,6
C1466,24.760205770528792,46.75873902891324,2323.522101093433,2,Al Rawdah,2023.0,3,2097.0,2,2470.0,3,2662.0,2
C1467,24.755806787077915,46.75410281376641,4649.9536335540315,2,Al Rawdah,4100.0,2,4911.0,1,5426.0,1,4575.0,1
C1468,24.76858866586343,46.759818453845064,2135.5374297698877,4,Al Rawdah,2445.0,4,2757.0,4,1572.0,5,1679.0,3
C1469,24.774692415780834,46.74976395655701,4103.888174821952,4,Al Rawdah,4391.0,5,5159.0,3,5339.0,5,3414.0,4
C1470,24.758858519144027,46.73184447186505,2363.1916751671206,3,Al Rawdah,2449.0,2,2381.0,2,2348.0,2,2274.0,4
C1471,24.765983054173457,46.738882691979384,3426.6417396921815,3,Al Rawdah,3681.0,2,2808.0,3,2760.0,4,4077.0,3
C1472,24.750254535298623,46.7327987407994,6828.2407282261565,4,Al Rawdah,6345.0,4,6967.0,4,6446.0,5,6385.0,3
C1473,24.75187135620609,46.75225990484984,8107.711656462679,4,Al Rawdah,8694.0,5,7735.0,4,7332.0,3,8124.0,4
C1474,24.757952749327607,46.730986814522964,4463.384248482869,0,Al Rawdah,4062.0,0,4995.0,0,4530.0,0,5227.0,1
C1475,24.766433976286734,46.74590914628048,4461.502282114249,1,Al Rawdah,3574.0,2,3631.0,1,4673.0,0,4082.0,1
C1476,24.754602656766608,46.74878217220015,5181.148900075372,3,Al Rawdah,4639.0,2,5027.0,3,3387.0,2,5376.0,3
C1477,24.775612917577813,46.756453633261984,4376.9621254650665,3,Al Rawdah,4519.0,4,4534.0,3,5201.0,2,4526.0,4
C1478,24.76005092507126,46.74801460544659,7364.283232915538,2,Al Rawdah,7470.0,3,6851.0,3,9263.0,1,6699.0,1
C1479,24.765893533516895,46.7554174557982,3729.312395427692,4,Al Rawdah,4324.0,3,4283.0,3,3158.0,3,3829.0,4
C1480,24.74614923308376,46.75152406756675,18735.94774253542,5,Al Rawdah,14007.0,5,15635.0,5,22863.0,6,21395.0,6
C1481,24.76122451209096,46.761774055852904,5792.622896692032,3,Al Rawdah,5607.0,2,4752.0,2,6881.0,3,6616.0,3
C1482,24.75618856077418,46.7389702373294,5552.321380410652,1,Al Rawdah,5886.0,1,5259.0,0,6394.0,0,5258.0,1
C1483,24.776345633378888,46.72358072511306,5620.76136930892,3,Al Rawdah,4815.0,4,6275.0,2,6990.0,3,7896.0,3
C1484,24.741743112804183,46.763660563633046,22347.066296089106,3,Al Rawdah,23202.0,4,21317.0,3,17739.0,2,23321.0,3
C1485,24.764608329810322,46.75951070782615,34720.0385499403,4,Al Rawdah,32622.0,4,31683.0,5,38493.0,4,33171.0,4
C1486,24.755497522079853,46.74148591951115,7747.6642446143405,1,Al Rawdah,6442.0,0,8623.0,1,6585.0,2,6915.0,1
C1487,24.769240852563506,46.74498210681897,7284.910613877683,4,Al Rawdah,8517.0,4,7500.0,3,9860.0,4,6233.0,5
C1488,24.778853321589462,46.76578411901467,2297.4017726551333,4,Al Rawdah,1821.0,5,2118.0,5,1966.0,4,2549.0,4
C1489,24.771650015030534,46.748113899980595,1387.0929636656874,1,Al Rawdah,1597.0,2,1408.0,1,1135.0,2,816.0,1
C1490,24.776520280741803,46.75559237038178,7624.5596751308485,4,Al Rawdah,7159.0,4,7344.0,5,8905.0,3,7417.0,4
C1491,24.76010459635528,46.75450485251766,16742.88016720638,1,Al Rawdah,14399.0,2,18163.0,1,18304.0,0,13406.0,2
C1492,24.751402155043515,46.76515558206101,3170.1259447270418,3,Al Rawdah,2753.0,4,3227.0,3,3185.0,4,3076.0,2
C1493,24.76801670381575,46.763192443252436,3235.957079113449,0,Al Rawdah,2881.0,0,2857.0,0,3304.0,1,3202.0,0
C1494,24.742955677716047,46.7539701972305,8822.092340885236,5,Al Rawdah,7710.0,6,8194.0,6,9634.0,6,7146.0,6
C1495,24.759194896625658,46.759406488274195,3048.192665336677,2,Al Rawdah,3174.0,1,2859.0,3,3836.0,3,2607.0,3
C1496,24.757884056909475,46.76895279006753,6546.543625592704,3,Al Rawdah,4720.0,3,6878.0,3,5854.0,2,7679.0,4
C1497,24.76303000693424,46.76435726258041,13525.503278797481,1,Al Rawdah,16055.0,0,14220.0,1,12401.0,0,12396.0,2
C1498,24.78131945724775,46.7589125674148,5346.1409633147405,4,Al Rawdah,6021.0,5,4694.0,3,4888.0,4,5311.0,5
C1499,24.778175639634522,46.737831820529436,2898.445485300722,3,Al Rawdah,3505.0,2,2812.0,3,2868.0,2,2753.0,2
C1500,24.7556873965583,46.76350607771478,3868.2002598568333,2,Al Rawdah,3303.0,3,4029.0,2,3877.0,2,4298.0,2
C1501,24.77182480052481,46.7522191958401,9765.627211768464,7,Al Rawdah,6383.0,6,11280.0,8,7893.0,6,11388.0,7
C1502,24.76912945855158,46.74607204510887,6104.949778606265,3,Al Rawdah,5541.0,3,6308.0,3,6384.0,2,6859.0,3
C1503,24.752717606159283,46.74369978197882,10929.378872930864,2,Al Rawdah,10667.0,2,13962.0,1,8869.0,2,11718.0,1
C1504,24.73639819830745,46.726291256584055,8401.306103878214,3,Al Rawdah,8793.0,3,8410.0,3,8014.0,4,9018.0,4
C1505,24.740480288025022,46.73434241321288,1405.6415392618405,2,Al Rawdah,1298.0,3,1550.0,2,1354.0,2,1163.0,3
C1506,24.746184422373457,46.73762792281107,5199.776811297277,2,Al Rawdah,5141.0,2,4942.0,3,5013.0,2,6128.0,1
C1507,24.753950281866786,46.750453120218324,2106.353563321168,3,Al Rawdah,2156.0,2,1800.0,2,2574.0,2,1928.0,3
C1508,24.776119644894077,46.741448548549734,2238.481873806505,4,Al Rawdah,1721.0,4,2267.0,5,2787.0,3,1946.0,4
C1509,24.770195785209236,46.73153698720185,4343.356479037266,2,Al Rawdah,5525.0,2,4633.0,3,5045.0,3,4088.0,1
C1510,24.75420377038827,46.72654997464863,4265.338327613036,4,Al Rawdah,3553.0,4,4452.0,5,5277.0,5,3764.0,3
C1511,24.76800776092188,46.74352325409803,6174.135510538775,1,Al Rawdah,6426.0,1,6286.0,1,5912.0,1,6497.0,2
C1512,24.753815963519212,46.74297353311614,6871.638880680102,4,Al Rawdah,7992.0,4,6525.0,5,8322.0,4,7532.0,5
C1513,24.75869326239439,46.745628095046584,5579.612467869542,1,Al Rawdah,4933.0,2,4908.0,2,5537.0,2,6554.0,0
C1514,24.76970941620084,46.74446473350338,1536.4663414533147,1,Al Rawdah,1539.0,2,1466.0,0,1589.0,1,1507.0,0
C1515,24.755006613224126,46.76376406138808,3157.602518627596,3,Al Rawdah,3935.0,4,3361.0,4,3287.0,4,2875.0,2
C1516,24.779972957838087,46.768726058434915,7082.19284638616,0,Al Rawdah,6794.0,0,8035.0,0,5667.0,0,6763.0,0
C1517,24.76012961279086,46.75225065292773,2830.681938028835,5,Al Rawdah,3279.0,5,1485.0,5,2573.0,4,2347.0,5
C1518,24.7478110531885,46.72883393294463,2272.3664517208476,2,Al Rawdah,2375.0,1,2465.0,3,2219.0,1,2024.0,1
C1519,24.750361741718592,46.730948505890595,1392.7383339188186,5,Al Rawdah,1443.0,5,1605.0,5,1469.0,4,1777.0,6
C1520,24.758824597590074,46.741406748347856,4191.142876201884,4,Al Rawdah,4649.0,3,4940.0,3,4113.0,5,3712.0,3
C1521,24.75865211532944,46.75382857601391,1753.4730770464314,2,Al Rawdah,1696.0,3,1845.0,1,1530.0,2,1630.0,3
C1522,24.78515176469366,46.736718025525334,2131.995541640871,1,Al Rawdah,2069.0,2,2331.0,0,1763.0,1,2309.0,2
C1523,24.741112974890008,46.73677835323755,3834.982950309418,3,Al Rawdah,4395.0,3,3579.0,3,3841.0,2,3951.0,4
C1524,24.583748383285915,46.683774955330016,2884.6729027243605,1,Al Suwaidi,3003.0,0,2840.0,2,2374.0,2,3179.0,1
C1525,24.591977098161877,46.679056407180866,8590.047004985605,3,Al Suwaidi,9246.0,4,9216.0,2,7076.0,3,7491.0,4
C1526,24.590805773520835,46.66057418198932,12600.707015980704,2,Al Suwaidi,10364.0,1,10582.0,1,12408.0,2,10634.0,3
C1527,24.595893520702468,46.672696285634224,909.8208933628367,1,Al Suwaidi,914.0,2,804.0,2,934.0,2,1074.0,1
C1528,24.603224614724343,46.65257207287423,6460.836952670547,2,Al Suwaidi,7648.0,1,6626.0,1,5659.0,1,5807.0,3
C1529,24.59153423544082,46.65408006383149,1375.2827745857232,2,Al Suwaidi,1563.0,1,1108.0,3,1008.0,1,1348.0,1
C1530,24.58953729337314,46.689458615094644,9792.153206605242,7,Al Suwaidi,10317.0,8,9839.0,8,10214.0,7,10029.0,6
C1531,24.58817560577939,46.65650968761205,21931.712228307388,6,Al Suwaidi,20275.0,6,17193.0,7,24621.0,7,16098.0,6
C1532,24.61263868616537,46.67690974660282,4214.241324397728,6,Al Suwaidi,3836.0,7,4321.0,5,3957.0,7,4076.0,5
C1533,24.563990934395985,46.68295899816056,2265.123697053964,5,Al Suwaidi,2419.0,4,2268.0,4,2138.0,5,2045.0,6
C1534,24.598130903368855,46.678944559600446,1272.389380955808,7,Al Suwaidi,1546.0,7,1166.0,7,829.0,8,1359.0,8
C1535,24.572697172171086,46.653884988297364,3343.3692003655074,2,Al Suwaidi,3372.0,1,2881.0,1,3796.0,2,3178.0,1
C1536,24.591657401227,46.66953627210896,8427.31802233808,7,Al Suwaidi,10094.0,7,7790.0,6,7044.0,7,5709.0,6
C1537,24.588423949996702,46.69469152467101,8491.878253971225,9,Al Suwaidi,8129.0,9,5734.0,8,9408.0,9,9385.0,8
C1538,24.585092708605952,46.69027057341791,24376.096400892544,4,Al Suwaidi,28819.0,3,22917.0,5,22224.0,5,15462.0,4
C1539,24.584805859266137,46.69965377237813,5532.199494544209,0,Al Suwaidi,4716.0,0,5611.0,0,5415.0,1,5180.0,1
C1540,24.607301572287025,46.664526119083185,3731.80381501367,7,Al Suwaidi,3845.0,6,4368.0,8,3627.0,8,3346.0,8
C1541,24.582043181842124,46.66319628333839,558.1605925733593,2,Al Suwaidi,470.0,2,516.0,1,408.0,2,507.0,1
C1542,24.593530303418106,46.643038200485535,3388.004162698524,0,Al Suwaidi,3731.0,0,3293.0,1,4786.0,0,3362.0,0
C1543,24.60029861737299,46.69359689617923,3026.0853435537438,4,Al Suwaidi,3293.0,4,3622.0,3,2317.0,4,3414.0,4
C1544,24.59175744569991,46.66172827509396,3369.644889920278,4,Al Suwaidi,2898.0,3,4201.0,5,3425.0,5,2936.0,3
C1545,24.59156516772446,46.6995388890537,4533.600096033387,2,Al Suwaidi,4038.0,2,4203.0,2,3981.0,2,4116.0,3
C1546,24.581138933660373,46.66894488431013,5639.951786173549,4,Al Suwaidi,5279.0,3,6474.0,4,5440.0,5,6197.0,5
C1547,24.59623641075827,46.67756541389956,3377.6610960844937,5,Al Suwaidi,2632.0,5,3939.0,5,4075.0,4,3599.0,5
C1548,24.58552486015444,46.66341035014956,7898.359232138726,3,Al Suwaidi,6820.0,2,8462.0,2,5692.0,3,8649.0,2
C1549,24.583204547242755,46.65500396353498,8770.999952223077,5,Al Suwaidi,7655.0,4,7502.0,6,8584.0,5,9131.0,6
C1550,24.604244734961668,46.66683314579664,3737.108103193376,3,Al Suwaidi,4184.0,4,3221.0,4,4013.0,4,3587.0,2
C1551,24.600627505187447,46.669427738788855,19261.500781773197,5,Al Suwaidi,23299.0,6,20806.0,6,19610.0,4,17822.0,4
C1552,24.59597849908303,46.65381692947857,7963.231340171686,3,Al Suwaidi,7452.0,3,10612.0,3,8437.0,4,7385.0,3
C1553,24.577345444491645,46.67016100198737,4202.238245900047,4,Al Suwaidi,4031.0,5,4082.0,3,3729.0,4,4714.0,5
C1554,24.607909353380542,46.680442717099126,2560.2497599784574,3,Al Suwaidi,2648.0,4,3130.0,4,1931.0,2,3085.0,2
C1555,24.586099104217222,46.67365982989921,1819.8111933652349,5,Al Suwaidi,1682.0,5,2311.0,5,1462.0,6,2317.0,5
C1556,24.577255085611377,46.68320172878952,1134.47522605707,7,Al Suwaidi,1090.0,8,927.0,7,1065.0,6,962.0,6
C1557,24.573572177565357,46.65113679255685,6113.064861352782,5,Al Suwaidi,6894.0,5,5569.0,6,6794.0,6,5873.0,5
C1558,24.607191238848554,46.68665534267575,2954.911449924183,6,Al Suwaidi,3064.0,7,3589.0,5,2991.0,6,2940.0,6
C1559,24.58583319871362,46.700403805567184,6055.9285332958725,6,Al Suwaidi,5993.0,5,6889.0,5,7513.0,7,5880.0,5
C1560,24.580350228531753,46.65251533277774,1478.7716687346265,7,Al Suwaidi,1355.0,6,1591.0,7,1501.0,8,1235.0,8
C1561,24.597367755467072,46.682137961154645,3607.628233725505,3,Al Suwaidi,4411.0,4,3591.0,3,3712.0,4,4696.0,3
C1562,24.572656155431194,46.65422498114289,8446.768957033599,1,Al Suwaidi,7689.0,1,9189.0,0,8701.0,2,10198.0,1
C1563,24.596067723829176,46.65416346252102,3747.1067502329993,5,Al Suwaidi,3824.0,5,3396.0,5,2774.0,6,3639.0,6
C1564,24.58476254689963,46.6623526669101,6511.573341161708,4,Al Suwaidi,5519.0,5,8839.0,5,7074.0,3,6058.0,5
C1565,24.57774469163165,46.68211795835181,1200.1376714355722,5,Al Suwaidi,1096.0,5,998.0,6,1000.0,6,1192.0,6
C1566,24.586736072817544,46.66623746013253,19487.14421975867,4,Al Suwaidi,19807.0,5,14392.0,5,18378.0,4,16053.0,4
C1567,24.617117923038496,46.64565403830983,9826.761759520803,1,Al Suwaidi,9268.0,2,10010.0,2,13281.0,1,9301.0,0
C1568,24.587715236038466,46.6630140879565,4484.573512754502,2,Al Suwaidi,4853.0,3,5404.0,3,3653.0,1,4949.0,2
C1569,24.594499497856262,46.685587788142,6795.133016233241,5,Al Suwaidi,6880.0,5,6295.0,5,6916.0,6,8345.0,6
C1570,24.565459074257507,46.66696627362974,10132.103662384072,2,Al Suwaidi,8056.0,3,10025.0,1,10576.0,2,11349.0,1
C1571,24.60675513682252,46.68499878430842,8078.86892402453,2,Al Suwaidi,5303.0,1,6868.0,1,8235.0,1,9514.0,3
C1572,24.579156359809748,46.662859209104795,7803.972408573709,0,Al Suwaidi,8985.0,0,7699.0,0,7808.0,0,6598.0,0
C1573,24.560775088722412,46.66525629232782,5423.636089226604,3,Al Suwaidi,4961.0,4,4614.0,3,4970.0,3,2912.0,3
C1574,24.59820461000701,46.66589497051309,1666.3945516946512,4,Al Suwaidi,2039.0,5,1421.0,3,2164.0,3,1982.0,4
C1575,24.58425738449627,46.69779946654006,3657.1618144416257,2,Al Suwaidi,3673.0,3,2871.0,3,2557.0,1,3732.0,3
C1576,24.596499101445943,46.66973486403801,2494.8208840527514,4,Al Suwaidi,2215.0,4,2291.0,3,2111.0,4,2452.0,3
C1577,24.58013827214518,46.69321079310196,7940.244190466439,0,Al Suwaidi,8621.0,0,10047.0,0,9708.0,1,9773.0,1
C1578,24.60140010834438,46.67997048410627,11613.897904144473,5,Al Suwaidi,11167.0,6,11483.0,5,12570.0,5,9969.0,4
C1579,24.597495229949118,46.662402993600885,10961.498206312926,3,Al Suwaidi,11006.0,3,11235.0,3,9703.0,2,9419.0,3
C1580,24.578162987841495,46.689033264171684,3888.8044922082436,6,Al Suwaidi,3356.0,7,5129.0,6,3365.0,5,3459.0,5
C1581,24.588084406658105,46.681379935664346,3211.35011938377,4,Al Suwaidi,3525.0,5,2909.0,3,3091.0,3,3929.0,5
C1582,24.587237069601223,46.67554454039406,8676.957974009842,5,Al Suwaidi,10119.0,4,7405.0,6,12113.0,4,9792.0,4
C1583,24.58068961449925,46.66700577066165,5132.094599330186,4,Al Suwaidi,4739.0,5,5503.0,5,5512.0,4,3808.0,5
C1584,24.593653870348565,46.69035148877548,5864.892082338474,7,Al Suwaidi,7444.0,8,4808.0,6,4958.0,6,7210.0,6
C1585,24.593612095600808,46.67329049185112,3389.3066901438183,4,Al Suwaidi,3108.0,3,3542.0,3,3510.0,4,3378.0,5
C1586,24.587123688664136,46.66968797124192,3991.6692604133164,3,Al Suwaidi,4149.0,3,4645.0,3,3617.0,3,4212.0,3
C1587,24.602418862187456,46.645055412389766,1902.2258208199883,2,Al Suwaidi,1440.0,3,1601.0,2,2330.0,2,1683.0,1
C1588,24.577453692502893,46.670999336011214,755.8761944516324,3,Al Suwaidi,540.0,4,697.0,3,789.0,4,953.0,2
C1589,24.582895600512767,46.64327299133797,662.6408678433927,3,Al Suwaidi,873.0,3,823.0,2,788.0,3,700.0,3
C1590,24.576893402246903,46.68757903902789,4158.432838652284,2,Al Suwaidi,5054.0,2,3511.0,1,4259.0,1,4913.0,1
C1591,24.58715506784516,46.690374553788644,3602.1624995931247,5,Al Suwaidi,4229.0,6,3238.0,5,4704.0,4,3073.0,6
C1592,24.604739539437023,46.68247852467588,4675.947639318094,4,Al Suwaidi,3496.0,3,4823.0,3,4965.0,5,5115.0,4
C1593,24.578595854102776,46.671326368303,6203.531068594593,3,Al Suwaidi,6426.0,2,5903.0,3,6465.0,3,6250.0,3
C1594,24.58139800179773,46.675742545661784,15108.609560193563,2,Al Suwaidi,16089.0,3,13208.0,1,12798.0,2,14543.0,1
C1595,24.603388784113225,46.67812348085151,6263.986925455574,2,Al Suwaidi,6351.0,3,7691.0,1,5868.0,2,5506.0,1
C1596,24.590857477877854,46.67691482407277,6271.62918057131,2,Al Suwaidi,6564.0,3,5728.0,2,6639.0,1,5613.0,3
C1597,24.580915611999398,46.659763381193656,3813.759979938722,1,Al Suwaidi,3296.0,1,3985.0,1,3530.0,0,3159.0,2
C1598,24.579682265008124,46.67891810276761,5614.682463783467,10,Al Suwaidi,5491.0,9,5266.0,9,7710.0,10,5054.0,10
C1599,24.603726268640422,46.65754782459593,17412.13242987464,0,Al Suwaidi,14473.0,1,16784.0,0,17383.0,1,17254.0,0
C1600,24.579848436078688,46.680853693764874,6278.519484826002,1,Al Suwaidi,5962.0,1,5017.0,1,5561.0,1,6764.0,0
C1601,24.59254807044407,46.68207333757487,11148.883555938537,1,Al Suwaidi,11791.0,0,12606.0,0,12801.0,2,8613.0,2
C1602,24.6078699812588,46.65419696190025,3062.149511990224,4,Al Suwaidi,2709.0,5,2863.0,4,2819.0,5,2594.0,4
C1603,24.58386204692048,46.669002829094914,5764.992865088119,2,Al Suwaidi,5537.0,2,6809.0,2,6117.0,2,5230.0,2
C1604,24.57849608639912,46.660276087971646,2803.24630976176,0,Al Suwaidi,2628.0,0,2324.0,1,2764.0,0,2134.0,0
C1605,24.611740603177132,46.68723126265797,2542.194034048005,5,Al Suwaidi,2553.0,4,2357.0,6,2268.0,5,2424.0,6
C1606,24.60942346322865,46.66320946278061,3642.446185590578,5,Al Suwaidi,4151.0,6,3883.0,6,4401.0,4,3485.0,5
C1607,24.573861951012457,46.68955688552379,693.819532684879,4,Al Suwaidi,720.0,4,703.0,5,703.0,3,671.0,3
C1608,24.592742131401724,46.655821499496746,6777.569568590877,1,Al Suwaidi,7191.0,2,6116.0,2,7884.0,2,7137.0,1
C1609,24.595887926653994,46.68775044823325,7501.554295817958,0,Al Suwaidi,5896.0,0,7332.0,0,7120.0,0,8466.0,1
C1610,24.59610660678502,46.65145899673249,13125.460783063034,0,Al Suwaidi,12435.0,1,10630.0,0,10316.0,1,14549.0,0
C1611,24.57947404011274,46.67119486610189,5740.73152381331,4,Al Suwaidi,6454.0,5,5769.0,3,4670.0,5,5937.0,3
C1612,24.564042309460433,46.65776243955105,2315.241163460981,6,Al Suwaidi,2021.0,6,1423.0,6,2135.0,7,2497.0,7
C1613,24.578741544148087,46.67775216807142,7758.5826652576225,6,Al Suwaidi,7268.0,7,7929.0,5,7545.0,6,6836.0,5
C1614,24.591359932537486,46.67729073830083,1572.1373165083544,5,Al Suwaidi,1347.0,4,1875.0,6,1585.0,6,1352.0,5
C1615,24.58765129642387,46.6959844099674,18072.775284909963,3,Al Suwaidi,21714.0,4,20350.0,3,19464.0,3,19636.0,4
C1616,24.580542838208068,46.67532637007198,4655.072779972913,2,Al Suwaidi,4347.0,3,5213.0,2,3787.0,1,5004.0,2
C1617,24.566176138126377,46.69976899783873,14947.236511040279,3,Al Suwaidi,13338.0,3,13997.0,2,15462.0,2,19539.0,4
C1618,24.602290463529155,46.68204192853255,2156.757152164952,2,Al Suwaidi,2360.0,3,2303.0,1,1763.0,1,2075.0,1
C1619,24.562705253313236,46.71228942137608,18043.544948747636,4,Al Shifa,21044.0,4,16943.0,5,16193.0,4,15402.0,5
C1620,24.545445122245205,46.71565876255175,5866.908175012314,12,Al Shifa,6310.0,12,5773.0,12,8124.0,12,6078.0,13
C1621,24.540966959356954,46.72051413265916,3827.613534866365,4,Al Shifa,4396.0,3,3761.0,4,4559.0,4,3561.0,3
C1622,24.553472458091818,46.72933988870512,4830.662849827755,9,Al Shifa,4991.0,10,2469.0,8,4568.0,8,4190.0,9
C1623,24.550176736204612,46.73738179175999,8615.757757322304,6,Al Shifa,8462.0,6,9740.0,6,10932.0,6,10244.0,6
C1624,24.529506415679993,46.73247854005697,4176.627764378673,2,Al Shifa,3907.0,1,4439.0,2,5066.0,2,5301.0,2
C1625,24.58855062937119,46.7248797113623,1053.3613220477525,6,Al Shifa,975.0,6,1178.0,5,1194.0,7,1103.0,7
C1626,24.533671297589784,46.719397379248356,3269.0891878637276,1,Al Shifa,2981.0,0,2811.0,2,3989.0,0,2946.0,1
C1627,24.552581790875838,46.75650342924895,2713.2457783418727,3,Al Shifa,2866.0,2,2977.0,4,2612.0,2,2797.0,2
C1628,24.55196119595507,46.7238925609726,7002.804556516425,3,Al Shifa,6894.0,4,7469.0,4,6872.0,2,6910.0,4
C1629,24.53675634151752,46.73288430428088,9063.214840245733,1,Al Shifa,9194.0,1,6114.0,1,7895.0,0,7216.0,2
C1630,24.559043876632263,46.746673320192485,3725.187793553532,3,Al Shifa,4068.0,4,2766.0,3,4051.0,2,4148.0,3
C1631,24.55893422092717,46.7521318461773,17389.2784523415,7,Al Shifa,17270.0,6,17469.0,6,14119.0,8,18151.0,7
C1632,24.55337523730929,46.72802279329086,2206.5097308268887,4,Al Shifa,1757.0,5,1988.0,4,2040.0,4,2590.0,4
C1633,24.535819458064875,46.715467251145526,4773.978820718505,2,Al Shifa,4214.0,2,4748.0,3,5102.0,1,4370.0,3
C1634,24.556226858471977,46.71431875415039,2124.132565678871,4,Al Shifa,1771.0,4,1922.0,5,1963.0,4,2108.0,4
C1635,24.546966578722014,46.72413331348688,6961.322721005653,5,Al Shifa,4981.0,4,8444.0,6,7324.0,4,6809.0,5
C1636,24.55849216018956,46.726803786425144,3413.7224601121775,4,Al Shifa,3471.0,4,2467.0,3,4348.0,5,2556.0,3
C1637,24.53900885871496,46.733331951737924,3497.638058318499,4,Al Shifa,2874.0,4,2799.0,4,2981.0,5,4733.0,4
C1638,24.542921590228342,46.719492828104784,2249.087265430096,5,Al Shifa,1819.0,5,1925.0,5,2723.0,6,1566.0,5
C1639,24.532464629584048,46.70621189569915,3624.224949133015,1,Al Shifa,3043.0,2,2899.0,1,3253.0,0,3013.0,1
C1640,24.559041073358756,46.75695336332801,3381.6730137677782,8,Al Shifa,3828.0,8,3089.0,9,2908.0,7,3193.0,8
C1641,24.5315950458876,46.707418183745794,5505.659977344536,2,Al Shifa,5255.0,1,5465.0,3,5692.0,2,4248.0,2
C1642,24.547157690018764,46.71558251958645,9797.181613172988,1,Al Shifa,11274.0,0,7872.0,0,11309.0,0,10338.0,1
C1643,24.556736186681047,46.705690626485726,8055.860438380048,0,Al Shifa,7956.0,0,8457.0,1,7193.0,0,7482.0,0
C1644,24.545302283659254,46.724577956816866,18010.70968188529,5,Al Shifa,16853.0,6,21373.0,6,16042.0,5,18117.0,5
C1645,24.535498389628604,46.720637363176934,1050.0512765045337,6,Al Shifa,1140.0,5,1213.0,7,981.0,7,1080.0,7
C1646,24.5452254694217,46.738003920598516,2516.381981696365,2,Al Shifa,2744.0,3,3238.0,3,2245.0,3,2532.0,2
C1647,24.556658500317898,46.72460581237519,735.0348204058859,5,Al Shifa,748.0,5,853.0,6,756.0,5,742.0,4
C1648,24.55510324574918,46.73138692683036,1684.3529429744556,3,Al Shifa,1424.0,3,1672.0,2,1504.0,3,1641.0,4
C1649,24.560233364099094,46.72175700163658,6984.945225141441,2,Al Shifa,6513.0,3,8763.0,2,6718.0,2,7382.0,1
C1650,24.545399772830848,46.72230242039077,5688.13223968593,4,Al Shifa,4686.0,4,6253.0,4,5990.0,4,6323.0,3
C1651,24.543550112288848,46.7373663150824,4153.321138319061,3,Al Shifa,3996.0,3,5268.0,4,3893.0,3,3984.0,4
C1652,24.555889748989816,46.71035809290687,8012.397085838143,0,Al Shifa,8131.0,0,7770.0,0,9399.0,0,7469.0,0
C1653,24.544705536823958,46.73227010958225,4089.6411973482104,1,Al Shifa,5002.0,2,2838.0,2,3675.0,2,3839.0,1
C1654,24.550101541249266,46.71739051824967,9340.180219465417,3,Al Shifa,11325.0,2,7744.0,4,8259.0,4,9717.0,2
C1655,24.563675192967466,46.73000473586357,5410.684492562249,3,Al Shifa,5964.0,4,5539.0,2,7065.0,2,5106.0,4
C1656,24.553455231791087,46.7374823238398,16403.235357940277,4,Al Shifa,18761.0,4,17669.0,3,20108.0,4,15447.0,5
C1657,24.565798077144976,46.7370134780452,549.3498644678065,4,Al Shifa,569.0,4,532.0,4,555.0,3,429.0,3
C1658,24.538364438838965,46.733157274834326,3454.5976738093414,2,Al Shifa,4892.0,2,3947.0,1,3885.0,1,4398.0,2
C1659,24.548407541950127,46.73616782519991,3058.9274987025346,2,Al Shifa,3761.0,2,2545.0,3,3215.0,2,2508.0,3
C1660,24.573805297852264,46.75028237624648,4251.309830066682,1,Al Shifa,5940.0,0,3812.0,0,3926.0,2,5262.0,0
C1661,24.55665183472379,46.733204984513215,6709.774696178431,6,Al Shifa,7097.0,5,7655.0,7,7390.0,6,7457.0,5
C1662,24.528748689788525,46.71977909401571,14123.72166806328,2,Al Shifa,15006.0,3,14206.0,1,14769.0,1,16161.0,1
C1663,24.554362911637494,46.74011970102974,1359.0874198103322,6,Al Shifa,1574.0,5,1376.0,7,1620.0,5,1406.0,7
C1664,24.551622201542724,46.714872526771494,13044.853470825003,6,Al Shifa,13421.0,7,15678.0,7,9439.0,5,13933.0,7
C1665,24.54922338221713,46.729795903021135,1879.0291671476864,7,Al Shifa,1968.0,7,2174.0,7,2106.0,8,1953.0,6
C1666,24.550042847704617,46.74030030807527,8558.176696618286,5,Al Shifa,7296.0,4,7564.0,5,8772.0,6,9266.0,5
C1667,24.57571663520716,46.74236866316731,5489.825721389739,7,Al Shifa,6266.0,8,5642.0,8,4924.0,8,6140.0,6
C1668,24.544061273810335,46.730285642581876,848.4529800280977,0,Al Shifa,866.0,0,639.0,1,794.0,0,1032.0,1
C1669,24.529245581463762,46.73535375287279,2326.8673150378527,3,Al Shifa,2610.0,4,2320.0,3,2186.0,4,1991.0,3
C1670,24.548962402959244,46.72573256438355,7524.331537899349,2,Al Shifa,7278.0,1,7941.0,3,6032.0,2,8040.0,3
C1671,24.562453480880635,46.73590468236013,8236.10784732095,1,Al Shifa,6046.0,1,6165.0,0,7527.0,2,10137.0,0
C1672,24.551705865717867,46.761263084026396,4495.995649885264,2,Al Shifa,4835.0,3,5505.0,2,5024.0,1,5392.0,3
C1673,24.53642643069086,46.70425261322572,5631.888983181169,1,Al Shifa,6617.0,0,7253.0,1,4350.0,0,4794.0,2
C1674,24.56383488039448,46.75171255749603,5967.823988855261,2,Al Shifa,4824.0,2,6390.0,2,5631.0,3,6230.0,3
C1675,24.525167721677718,46.73097818811109,4404.379124808501,2,Al Shifa,3765.0,2,4989.0,3,2842.0,2,4577.0,2
C1676,24.544431640789643,46.70694795349956,4909.423822040872,4,Al Shifa,4689.0,3,5971.0,3,4486.0,3,5080.0,4
C1677,24.55962128780758,46.73139535899109,2064.6399737273805,4,Al Shifa,1989.0,5,2012.0,3,2186.0,5,1393.0,5
C1678,24.54545543372313,46.736060248119344,3216.9667541241465,4,Al Shifa,2398.0,4,3699.0,3,3193.0,3,3616.0,4
C1679,24.564212815596253,46.708036888083996,4928.921899311828,2,Al Shifa,6228.0,3,5200.0,1,4962.0,1,3783.0,3
C1680,24.52770736161515,46.732002554012446,4732.492956727683,4,Al Shifa,5451.0,5,3685.0,5,3939.0,5,6225.0,5
C1681,24.545548712501567,46.74550487999591,5040.8693103845435,4,Al Shifa,4576.0,3,4382.0,3,5472.0,5,5518.0,4
C1682,24.537887285495515,46.720082015081196,9549.833165210599,3,Al Shifa,6956.0,3,8766.0,4,8256.0,4,9416.0,4
C1683,24.557648906341264,46.74219894214218,8895.620025457216,5,Al Shifa,9380.0,5,10270.0,4,10108.0,5,9711.0,5
C1684,24.570815755403913,46.740180166085935,19375.217736358525,5,Al Shifa,25142.0,6,19650.0,4,19991.0,6,19783.0,5
C1685,24.55662837741485,46.72095459256482,6559.378613729386,2,Al Shifa,7375.0,2,7494.0,1,6182.0,1,6058.0,1
C1686,24.54540328803555,46.72210465625811,5878.365256003708,3,Al Shifa,6897.0,4,5478.0,4,7189.0,2,5803.0,2
C1687,24.566023418323688,46.72510276251726,7745.624924529951,6,Al Shifa,6653.0,6,6316.0,5,7287.0,7,8140.0,5
C1688,24.549737381066166,46.73137831722845,5831.048747344624,3,Al Shifa,6035.0,2,7570.0,4,6727.0,4,5158.0,3
C1689,24.526714079104178,46.74997867071513,1031.6322617250253,4,Al Shifa,800.0,5,1438.0,3,1048.0,4,1139.0,3
C1690,24.578471261224376,46.73809552588248,2482.991648354,1,Al Shifa,3220.0,0,2621.0,0,2483.0,1,2886.0,1
C1691,24.57779343120392,46.72303006719833,4382.328127645652,0,Al Shifa,4757.0,0,4257.0,0,5041.0,0,5068.0,0
C1692,24.54723617423289,46.724785075557556,1700.3638247634804,5,Al Shifa,1163.0,4,1992.0,4,1812.0,5,1993.0,4
C1693,24.549131815210014,46.71297403325803,4512.041227386762,3,Al Shifa,3262.0,4,3791.0,3,4507.0,4,5367.0,4
C1694,24.545642327594866,46.712362026520466,3080.094090807047,5,Al Shifa,3302.0,6,2988.0,4,3026.0,6,3399.0,6
C1695,24.5353533787191,46.73151759274583,6057.00676463896,2,Al Shifa,6182.0,2,4803.0,3,6250.0,3,7215.0,1
C1696,24.52942689440835,46.74221019314579,2008.4920662795378,7,Al Shifa,1915.0,7,2149.0,6,2034.0,7,2030.0,8
C1697,24.55698809549452,46.73066228949372,11778.123508900764,0,Al Shifa,12865.0,1,12202.0,0,11202.0,0,12499.0,0
C1698,24.547307721464584,46.73404118267015,11569.032618624404,4,Al Shifa,15052.0,4,10900.0,4,9771.0,4,13970.0,5
C1699,24.54024195868833,46.72747105671742,3050.093644160769,6,Al Shifa,3217.0,7,2764.0,7,1865.0,7,3913.0,5
C1700,24.54874345949136,46.758218814122635,6468.658466207624,3,Al Shifa,4718.0,2,5051.0,3,6361.0,3,6153.0,3
C1701,24.540133307137786,46.75186975385678,4730.460633410309,2,Al Shifa,4617.0,2,4167.0,1,4559.0,1,3746.0,3
C1702,24.556143016339135,46.74503875948424,377.1044934251407,4,Al Shifa,303.0,5,444.0,4,446.0,3,495.0,4
C1703,24.557484712362875,46.72266518196744,1090.5965330544996,3,Al Shifa,959.0,4,1035.0,4,1164.0,4,1276.0,4
C1704,24.580634595303344,46.71526705903516,4302.197818317441,2,Al Shifa,4511.0,2,5086.0,1,5039.0,3,5452.0,1
C1705,24.5496366002632,46.73276440242009,1012.4489832360485,5,Al Shifa,986.0,5,886.0,4,1276.0,5,1148.0,5
C1706,24.551001314155954,46.72391868690428,1380.9383175518333,10,Al Shifa,1160.0,11,1365.0,11,1359.0,10,1433.0,9
C1707,24.565583883562848,46.71384096437143,9016.466770815996,5,Al Shifa,8976.0,4,8421.0,5,7880.0,6,8209.0,4
C1708,24.552010160085928,46.73169559145251,10308.513770943555,6,Al Shifa,9041.0,6,9924.0,6,11574.0,6,8899.0,6
C1709,24.564982719050743,46.72923895009135,4537.240927799006,2,Al Shifa,4895.0,1,5043.0,1,4132.0,3,5507.0,3
C1710,24.54725824942495,46.71585717241391,5510.88730312951,4,Al Shifa,5306.0,5,3878.0,3,5301.0,5,6315.0,5
C1711,24.53533356320783,46.77175577249196,3726.8579483300964,4,Al Aziziyah,3942.0,4,4127.0,5,4532.0,3,3910.0,3
C1712,24.5579072990361,46.774791050014436,7715.306286846315,2,Al Aziziyah,7399.0,1,8492.0,1,8356.0,3,6489.0,3
C1713,24.536923722526105,46.7834350546157,1277.8235239672554,2,Al Aziziyah,1420.0,3,1279.0,3,1488.0,2,1184.0,2
C1714,24.542674052584488,46.7762694163323,2539.913978813647,1,Al Aziziyah,2485.0,1,2569.0,2,2027.0,2,2318.0,1
C1715,24.539348992954576,46.76674970572094,12804.566643776912,3,Al Aziziyah,12766.0,2,12400.0,4,12876.0,4,12280.0,4
C1716,24.554931398966172,46.77833039845384,1800.8366675121026,6,Al Aziziyah,1646.0,6,1981.0,6,2104.0,6,1051.0,7
C1717,24.553249446674176,46.788625082669924,2112.8064012008404,4,Al Aziziyah,2155.0,5,2131.0,3,1707.0,4,2189.0,4
C1718,24.545102872582518,46.79463226248026,4611.695903392268,4,Al Aziziyah,3379.0,4,4049.0,3,4750.0,3,5674.0,4
C1719,24.542977797365722,46.77357095272557,6738.278270140886,5,Al Aziziyah,9425.0,4,6888.0,4,7149.0,4,6224.0,4
C1720,24.54388014603107,46.781939440489865,6605.03931907154,0,Al Aziziyah,5922.0,0,7517.0,0,4323.0,0,6651.0,1
C1721,24.553490590035945,46.7957090734401,13085.943098596295,2,Al Aziziyah,13262.0,3,13790.0,3,16224.0,2,13651.0,1
C1722,24.550996618494473,46.77574508496004,9012.823832657035,6,Al Aziziyah,8359.0,6,9054.0,5,8052.0,6,7729.0,7
C1723,24.53565366493497,46.76848623271663,4584.645807668264,3,Al Aziziyah,4242.0,3,4722.0,4,4491.0,2,4886.0,4
C1724,24.54222811688643,46.78246404182491,16299.844733700435,4,Al Aziziyah,17258.0,4,15140.0,3,20411.0,3,14418.0,5
C1725,24.53558031591156,46.75618759804973,3546.8403038183064,4,Al Aziziyah,3269.0,5,3312.0,4,2596.0,3,3330.0,3
C1726,24.531260782329106,46.77444288181651,1974.2918039506567,3,Al Aziziyah,1844.0,3,1438.0,4,2113.0,4,2053.0,4
C1727,24.56857230314127,46.76272957006856,12676.933815598575,4,Al Aziziyah,10035.0,4,12346.0,4,11832.0,5,12613.0,5
C1728,24.538914142623348,46.79019584571298,5196.63442648899,4,Al Aziziyah,4468.0,4,5937.0,4,5233.0,4,5285.0,4
C1729,24.548669997234207,46.78684725470682,968.9437255497961,6,Al Aziziyah,797.0,6,915.0,6,850.0,7,842.0,7
C1730,24.564078494258506,46.7797023206398,1841.2236142441009,1,Al Aziziyah,2335.0,2,1601.0,0,2219.0,0,2042.0,0
C1731,24.552473075096113,46.78307857585389,5209.320679677955,3,Al Aziziyah,4157.0,3,5885.0,4,4336.0,4,4401.0,3
C1732,24.55020254475202,46.77377764385932,1139.7504150164043,2,Al Aziziyah,954.0,2,1167.0,3,1202.0,2,1284.0,3
C1733,24.54615692842554,46.773494683065366,1912.0089483870036,0,Al Aziziyah,1964.0,0,1952.0,0,2068.0,0,1784.0,0
C1734,24.537640539228626,46.7979906044753,13194.108759443352,4,Al Aziziyah,15994.0,3,14095.0,5,13018.0,5,10950.0,4
C1735,24.54060032836592,46.79480841876984,5517.833689768017,4,Al Aziziyah,4105.0,5,6075.0,4,5294.0,4,5464.0,5
C1736,24.543230856993258,46.78109684281459,5137.604377512618,4,Al Aziziyah,3934.0,4,5108.0,4,4936.0,4,4361.0,4
C1737,24.53211435552914,46.77161135747008,4417.459489082403,1,Al Aziziyah,4491.0,2,3890.0,2,5097.0,1,4089.0,0
C1738,24.540735011156123,46.76276569806571,457.9919548640757,5,Al Aziziyah,480.0,5,573.0,5,489.0,4,449.0,4
C1739,24.53454335955203,46.76435754312882,1294.2965162133653,5,Al Aziziyah,1017.0,6,1305.0,4,1279.0,6,1446.0,5
C1740,24.541543147026797,46.77573304919834,2211.528080993167,2,Al Aziziyah,1609.0,2,1967.0,3,1851.0,2,2476.0,2
C1741,24.528645325926043,46.77769685080966,3107.8221465296074,4,Al Aziziyah,2653.0,4,3192.0,5,3183.0,4,3335.0,3
C1742,24.545346199199486,46.772119013149876,6274.617797795993,3,Al Aziziyah,6963.0,3,7353.0,2,6780.0,4,6035.0,2
C1743,24.542063546562943,46.789669911136414,10508.269484074912,3,Al Aziziyah,10415.0,2,8373.0,4,10463.0,2,8201.0,4
C1744,24.531939011695197,46.75974535436119,1067.5778214142774,5,Al Aziziyah,1184.0,6,1269.0,6,1298.0,5,1036.0,6
C1745,24.5307187799567,46.800373768085585,1284.2925142409656,0,Al Aziziyah,1261.0,0,1260.0,0,917.0,1,1228.0,1
C1746,24.530600143334873,46.79800938082724,1216.3652024604212,1,Al Aziziyah,1207.0,1,1566.0,0,1672.0,1,1197.0,0
C1747,24.54378626052381,46.808201440722705,2978.214088110303,2,Al Aziziyah,3245.0,3,3265.0,2,2898.0,3,2758.0,2
C1748,24.536112222556447,46.773559749182816,2590.8714851116038,2,Al Aziziyah,2538.0,1,2553.0,3,2149.0,2,2401.0,3
C1749,24.564230723189993,46.801514016644575,10395.256363103415,3,Al Aziziyah,10735.0,4,12273.0,3,7680.0,3,11652.0,3
C1750,24.53086845110713,46.793235849553696,2268.320827473771,1,Al Aziziyah,1952.0,2,2684.0,0,2565.0,2,1833.0,0
C1751,24.54542935085757,46.773552968737334,2998.343797457571,4,Al Aziziyah,2720.0,3,2849.0,5,3258.0,4,3012.0,5
C1752,24.52093966848846,46.76253243408023,8596.272249149706,5,Al Aziziyah,9177.0,4,8889.0,6,8321.0,6,10208.0,5
C1753,24.542923169200243,46.79333181200509,5524.940510753903,8,Al Aziziyah,5311.0,9,5119.0,9,5488.0,7,4920.0,7
C1754,24.523460197857613,46.78053267935114,5548.736751723074,6,Al Aziziyah,4911.0,7,6283.0,5,5693.0,7,4765.0,6
C1755,24.5488947789632,46.768559491718584,1465.3248253296686,1,Al Aziziyah,1606.0,2,1170.0,2,1373.0,1,1422.0,0
C1756,24.529715359057402,46.75656428055098,4696.903350057456,4,Al Aziziyah,5068.0,4,4581.0,5,5513.0,3,4476.0,5
C1757,24.528977456458257,46.800113240308924,3179.578624688313,4,Al Aziziyah,3167.0,5,2210.0,4,3480.0,5,3312.0,3
C1758,24.53487110769357,46.761415438448296,4427.001838077181,3,Al Aziziyah,3910.0,3,4804.0,2,4350.0,4,5319.0,3
C1759,24.54864257363464,46.75020843119992,2445.75966683399,3,Al Aziziyah,2767.0,4,1666.0,4,1846.0,4,2408.0,2
C1760,24.538758889722153,46.77159261239248,5904.324738682656,7,Al Aziziyah,8098.0,8,5012.0,7,7122.0,8,6405.0,8
C1761,24.552232007455448,46.774273945124946,2526.9771341496426,4,Al Aziziyah,2208.0,5,2624.0,4,2348.0,3,2320.0,4
C1762,24.526941354828146,46.78364622921157,6219.17309396881,8,Al Aziziyah,4762.0,9,5909.0,8,5258.0,8,5794.0,7
C1763,24.545157226706575,46.76957557086882,5653.065937946619,2,Al Aziziyah,4974.0,2,5297.0,2,6751.0,3,5913.0,1
C1764,24.543719838007316,46.79179625211438,4570.4244384158565,3,Al Aziziyah,3916.0,4,3940.0,4,4916.0,2,4136.0,4
C1765,24.533595197841503,46.793726476973454,1606.6237816992304,4,Al Aziziyah,1297.0,4,1500.0,4,1122.0,5,1894.0,5
C1766,24.54019400506321,46.7731973298563,14497.437085113625,1,Al Aziziyah,11879.0,0,10866.0,0,10892.0,2,13682.0,2
C1767,24.54100153459398,46.76535958224082,7528.595448042049,4,Al Aziziyah,8461.0,5,7881.0,5,7085.0,4,7373.0,3
C1768,24.554873682834543,46.77569814643447,6160.015955608584,8,Al Aziziyah,6934.0,8,6874.0,7,5003.0,9,5238.0,9
C1769,24.53597520432378,46.773981552530316,7161.247936903052,7,Al Aziziyah,8728.0,7,7947.0,7,7001.0,6,6726.0,8
C1770,24.542184169167353,46.76754846788822,2539.4039381644156,5,Al Aziziyah,2815.0,6,2527.0,5,3538.0,4,2174.0,5
C1771,24.545379168462087,46.79023603870389,17863.954532802156,5,Al Aziziyah,16524.0,4,21001.0,5,25869.0,6,16639.0,6
C1772,24.536228672953115,46.782501202856814,1412.5159760832264,2,Al Aziziyah,1637.0,1,1507.0,2,1405.0,1,1049.0,3
C1773,24.56110094229879,46.78005619732652,3266.658344020756,3,Al Aziziyah,2956.0,4,3716.0,2,3662.0,3,3271.0,3
C1774,24.54286313062741,46.785667278287434,4950.094534955276,4,Al Aziziyah,4675.0,5,5232.0,3,5617.0,4,6232.0,3
C1775,24.533866940810263,46.76649594910769,12938.517438607885,3,Al Aziziyah,10616.0,4,13009.0,4,12720.0,4,9415.0,3
C1776,24.548268169688928,46.75228141418329,3203.118290025712,6,Al Aziziyah,3781.0,7,2857.0,6,2497.0,5,4029.0,6
C1777,24.53359582230231,46.76075793994796,3759.554617296725,6,Al Aziziyah,4316.0,5,2346.0,6,4370.0,5,3703.0,7
C1778,24.518540772865414,46.7730649883221,11255.793413019228,4,Al Aziziyah,10432.0,3,12300.0,5,10969.0,4,12750.0,5
C1779,24.535307148786,46.78340349438627,2729.1363651313486,5,Al Aziziyah,2592.0,6,2686.0,6,2918.0,5,2333.0,4
C1780,24.544487333741046,46.77341469480971,6686.994653412019,5,Al Aziziyah,6697.0,6,8591.0,5,7405.0,4,8697.0,6
C1781,24.5457034675663,46.783043320356946,7281.970598532741,2,Al Aziziyah,7474.0,2,5223.0,1,6407.0,1,6149.0,3
C1782,24.514890824968138,46.776691075263976,1514.111203974136,5,Al Aziziyah,1700.0,6,1697.0,6,1899.0,4,1501.0,5
C1783,24.529066369638933,46.77220646961214,6327.797435689854,5,Al Aziziyah,6366.0,4,5474.0,5,6407.0,5,7791.0,5
C1784,24.53946378578641,46.76753806650123,3928.852629964579,3,Al Aziziyah,4150.0,2,3929.0,4,4066.0,4,3202.0,4
C1785,24.54121149347604,46.7814230258792,6912.305984561102,2,Al Aziziyah,5330.0,1,6042.0,3,6472.0,1,4556.0,3
C1786,24.560547701288968,46.782162096609206,1436.4701219531637,5,Al Aziziyah,1366.0,6,1509.0,5,1591.0,4,1425.0,6
C1787,24.54720246214742,46.78142387349391,921.2541289136119,3,Al Aziziyah,670.0,2,918.0,4,1062.0,3,819.0,3
C1788,24.545421816730695,46.755269864557654,942.9830741468586,3,Al Aziziyah,1191.0,3,1062.0,2,865.0,4,810.0,2
C1789,24.547612617991756,46.77853712683031,5427.583303788822,1,Al Aziziyah,6541.0,1,5545.0,2,5911.0,0,4710.0,2
C1790,24.55461791689985,46.78494335912204,12620.247653381777,4,Al Aziziyah,13923.0,5,13492.0,4,11814.0,5,9926.0,4
C1791,24.760888741596922,46.66351181662388,3426.134169204999,4,King Fahd,3983.0,3,4053.0,5,2798.0,4,4142.0,4
C1792,24.75360711735625,46.63730546712882,4091.218455478304,8,King Fahd,5304.0,8,4397.0,8,3894.0,7,4836.0,8
C1793,24.758006891017345,46.64403944967725,6610.550873260831,2,King Fahd,7514.0,3,6489.0,2,7225.0,1,5296.0,2
C1794,24.759505040820844,46.67808571995713,789.1224467669244,5,King Fahd,597.0,6,929.0,6,856.0,6,779.0,6
C1795,24.78120207589112,46.66656954244834,3107.921966478593,1,King Fahd,2998.0,2,3060.0,0,3616.0,2,2904.0,0
C1796,24.762343629696808,46.65632382665257,1337.3729758081636,1,King Fahd,859.0,1,1416.0,0,1204.0,2,1558.0,0
C1797,24.748935081581827,46.6456797590521,3995.653516461231,5,King Fahd,3490.0,4,3816.0,5,3820.0,4,3510.0,6
C1798,24.740877084707698,46.65329675503181,2603.9114887060114,1,King Fahd,2107.0,2,2360.0,1,2636.0,1,3233.0,0
C1799,24.749609953207138,46.64109591385407,4597.143060322439,7,King Fahd,4571.0,6,2630.0,7,5033.0,7,4609.0,6
C1800,24.746781906185156,46.64896811462294,1476.2841624603498,1,King Fahd,1556.0,1,1624.0,0,1453.0,2,1307.0,0
C1801,24.769782844920755,46.64199283218398,6508.213451170765,1,King Fahd,5573.0,1,5442.0,0,5589.0,0,6436.0,0
C1802,24.761559909884795,46.65769496527127,2674.6984341339294,5,King Fahd,2549.0,6,2958.0,6,2056.0,4,2449.0,4
C1803,24.76210830960061,46.66542492081727,766.8428175352359,4,King Fahd,795.0,3,965.0,3,904.0,5,1024.0,4
C1804,24.765688346509048,46.63372143543232,3007.99488992587,2,King Fahd,2923.0,3,2445.0,2,3496.0,2,3080.0,1
C1805,24.756163628912525,46.66658067406484,2533.9071762672042,3,King Fahd,2454.0,2,2854.0,3,2285.0,2,2358.0,4
C1806,24.767263379625838,46.65790758786831,2664.317665888376,2,King Fahd,1691.0,1,2630.0,1,3261.0,3,2707.0,2
C1807,24.751625755039065,46.646084646850134,1507.9240802714926,0,King Fahd,1401.0,0,1607.0,1,1496.0,0,1840.0,0
C1808,24.741800985180767,46.65054959513196,4052.0261046241985,5,King Fahd,4513.0,4,3365.0,5,4336.0,6,3482.0,5
C1809,24.758973899320036,46.64188225120764,4306.777882670399,1,King Fahd,4452.0,2,4330.0,0,5132.0,2,3239.0,0
C1810,24.748315285554764,46.64422005365802,2543.112921407354,6,King Fahd,1965.0,5,2603.0,7,2364.0,7,3042.0,7
C1811,24.75062530896259,46.65469059637732,6702.5659887525335,7,King Fahd,6394.0,7,8078.0,8,5934.0,7,7324.0,6
C1812,24.765047337311938,46.643147575785214,1794.4691238756259,3,King Fahd,1857.0,4,2346.0,2,1329.0,4,1678.0,3
C1813,24.749326838063663,46.649649716475004,4185.894561829533,0,King Fahd,3553.0,1,4379.0,0,4386.0,1,4143.0,1
C1814,24.747960934779872,46.65813809020592,1541.228013825989,2,King Fahd,1689.0,1,1463.0,2,1649.0,2,1797.0,1
C1815,24.76355892515678,46.66927414660417,1663.5320445892794,1,King Fahd,1455.0,2,2192.0,2,1883.0,0,993.0,2
C1816,24.775519564465576,46.63176361466857,5953.840953803814,1,King Fahd,5627.0,1,5872.0,2,6507.0,0,7088.0,0
C1817,24.748150730198244,46.65801464368212,8447.360594027396,4,King Fahd,8264.0,3,8391.0,4,8599.0,3,8239.0,3
C1818,24.772972207473416,46.64207121841109,5242.556664401524,2,King Fahd,6965.0,2,5326.0,3,6160.0,3,5778.0,1
C1819,24.748835300808135,46.639435376099634,5382.960891291162,3,King Fahd,5095.0,2,5748.0,4,4564.0,3,5349.0,3
C1820,24.757261346438614,46.63657140159948,4287.7820387454985,4,King Fahd,3897.0,5,4729.0,5,4549.0,3,6265.0,3
C1821,24.75689852060531,46.66161230987869,10256.16224485492,1,King Fahd,11302.0,0,9430.0,0,11071.0,0,9325.0,1
C1822,24.755665750121803,46.64491055071058,8997.859417452632,3,King Fahd,8313.0,2,8871.0,3,8854.0,3,10483.0,2
C1823,24.745384071167823,46.656975396219885,2428.689629801436,1,King Fahd,2486.0,2,3084.0,2,3065.0,0,1490.0,0
C1824,24.75092171659133,46.667743139847275,2937.6626810802372,3,King Fahd,1929.0,2,3614.0,3,3138.0,2,2958.0,3
C1825,24.752720566348255,46.651407096321726,14749.205581176566,4,King Fahd,15328.0,4,15712.0,4,17775.0,4,16498.0,3
C1826,24.766178372845566,46.658575074158634,2481.3674144964243,5,King Fahd,2461.0,6,2583.0,4,2822.0,6,1913.0,6
C1827,24.760709916929734,46.665811349703944,2613.5929940558685,4,King Fahd,2093.0,5,2532.0,3,2549.0,4,1826.0,3
C1828,24.787527235362504,46.64180941367574,1611.4644610988998,4,King Fahd,1931.0,3,1850.0,5,2084.0,3,1636.0,5
C1829,24.763837150994107,46.6634326195876,1344.5557569364073,3,King Fahd,1289.0,3,1248.0,2,1572.0,2,1549.0,3
C1830,24.75467675014489,46.63659374338301,8673.70633424213,2,King Fahd,8371.0,2,8844.0,3,8719.0,1,10216.0,2
C1831,24.753246440726425,46.64098335474715,3018.676193311156,5,King Fahd,2407.0,4,2828.0,4,2972.0,4,2713.0,5
C1832,24.758659715334904,46.64959438135697,13788.33320658227,0,King Fahd,10350.0,1,12590.0,0,11672.0,1,14515.0,0
C1833,24.760381539221612,46.656920080145674,2316.3735068880856,8,King Fahd,2106.0,8,2334.0,9,2269.0,8,1830.0,8
C1834,24.77752901056661,46.64108875312147,10014.577256664405,4,King Fahd,7671.0,3,10043.0,4,9682.0,5,12634.0,3
C1835,24.76452320563444,46.64467528957871,5381.51567363294,5,King Fahd,5747.0,5,4949.0,6,5564.0,6,4926.0,5
C1836,24.761383299106363,46.6377397304781,4012.8084406237535,1,King Fahd,4513.0,0,3985.0,1,3767.0,0,4781.0,0
C1837,24.784553256124997,46.650463555481956,13720.965546913452,3,King Fahd,12337.0,2,13884.0,2,14935.0,4,13180.0,3
C1838,24.768817201868774,46.66298994413958,11204.974910082501,1,King Fahd,8437.0,0,10480.0,1,11093.0,0,10662.0,0
C1839,24.759240810052518,46.65479340929023,2978.7532095923107,3,King Fahd,2786.0,2,2707.0,3,2277.0,3,3703.0,2
C1840,24.74614080623353,46.6423833580331,1555.3054178073294,3,King Fahd,1299.0,3,1528.0,2,1441.0,2,1354.0,4
C1841,24.769077727194365,46.64508797515617,3281.728494931849,4,King Fahd,3345.0,5,3617.0,3,2846.0,3,3919.0,3
C1842,24.75217950431964,46.66272766296397,8247.174163532158,9,King Fahd,8422.0,9,9568.0,9,6685.0,10,7813.0,9
C1843,24.751266549637737,46.65681418223176,1443.5252037125288,6,King Fahd,1343.0,6,1485.0,6,1392.0,7,1255.0,5
C1844,24.77129278437207,46.64176395709071,3627.25188953227,6,King Fahd,3646.0,6,3496.0,6,4136.0,7,3175.0,6
C1845,24.767301530175388,46.662002130337896,5240.797916527137,4,King Fahd,6028.0,4,5231.0,3,4371.0,3,6128.0,5
C1846,24.768184160223466,46.64820915855223,8053.4983669998555,2,King Fahd,10064.0,2,10267.0,2,5644.0,3,7961.0,1
C1847,24.776326544328498,46.6250123306581,4119.584554474826,3,King Fahd,3773.0,2,4667.0,2,4030.0,4,3903.0,2
C1848,24.74715562467479,46.66010284939525,1525.7864497625826,7,King Fahd,1682.0,6,1322.0,8,2216.0,6,1182.0,7
C1849,24.770180773653657,46.65323121673942,5390.628785141215,2,King Fahd,5166.0,1,5364.0,3,4926.0,3,6341.0,2
C1850,24.75750364305965,46.66287108887694,1133.7444504420012,6,King Fahd,947.0,7,1051.0,7,1183.0,5,1312.0,7
C1851,24.757605715809184,46.652263860339175,1205.4293168098577,0,King Fahd,1430.0,0,1146.0,0,1134.0,0,1264.0,0
C1852,24.75666291521164,46.63948629330641,3716.7459123963895,3,King Fahd,3913.0,2,2833.0,3,4208.0,4,4151.0,2
C1853,24.74577412412497,46.65320086977294,1159.0968710414204,1,King Fahd,1177.0,2,1167.0,0,1414.0,1,596.0,0
C1854,24.755637142561707,46.65282872603648,4488.991837139051,0,King Fahd,4701.0,0,3631.0,1,4394.0,0,4133.0,0
C1855,24.77121108043838,46.63235287598116,4632.276323876806,3,King Fahd,4491.0,3,4255.0,4,5471.0,2,4745.0,4
C1856,24.751938527583107,46.642317916324636,3375.862331312242,5,King Fahd,2822.0,4,4115.0,6,2834.0,5,3430.0,4
C1857,24.75384831532893,46.64037294966374,2088.0884462594126,2,King Fahd,2631.0,3,2391.0,1,2160.0,2,1911.0,3
C1858,24.75279196213612,46.64005283867868,7442.92746407438,2,King Fahd,8402.0,3,6539.0,2,6041.0,3,7708.0,3
C1859,24.763556754516106,46.62813274127165,2076.2465702222707,3,King Fahd,2145.0,3,1775.0,4,2141.0,2,1849.0,3
C1860,24.755705806696945,46.64595257487577,3195.3634782978834,3,King Fahd,3638.0,3,2788.0,2,2910.0,4,2882.0,4
C1861,24.750841168730304,46.65727093135335,4304.2559382755335,4,King Fahd,5108.0,4,3158.0,5,4472.0,5,3501.0,4
C1862,24.775520817990422,46.65638477839452,2616.498603823137,0,King Fahd,2522.0,1,2257.0,0,2183.0,0,2671.0,0
C1863,24.745270347370337,46.634881129158416,4340.100030607451,3,King Fahd,4695.0,4,4184.0,3,4504.0,3,3871.0,3
C1864,24.760361643081907,46.63614459686586,9429.437811355161,3,King Fahd,8912.0,2,8045.0,3,9619.0,4,8719.0,4
C1865,24.7616546021582,46.63907788655804,3248.2305403198225,4,King Fahd,3542.0,4,3607.0,3,2979.0,4,3923.0,5
C1866,24.758821369052626,46.64960023840567,3810.4552604128153,3,King Fahd,3642.0,2,3792.0,3,3362.0,2,3786.0,3
C1867,24.742187447275548,46.640283741216386,5220.616357935557,2,King Fahd,7094.0,2,4838.0,1,4305.0,3,5193.0,1
C1868,24.758219996460454,46.65403891035817,5689.1509486326095,4,King Fahd,5349.0,5,7125.0,5,5368.0,4,4379.0,5
C1869,24.763461694279542,46.615431285761595,1863.9272795521586,4,King Fahd,1997.0,3,2057.0,5,1983.0,5,1718.0,3
C1870,24.765819380673957,46.648382133733364,5689.358596250537,1,King Fahd,6049.0,1,5761.0,0,5594.0,1,6527.0,2
C1871,24.75580242581767,46.66503853912015,6413.0778817459495,5,King Fahd,6051.0,4,8122.0,6,6585.0,4,6943.0,6
C1872,24.756187946127778,46.65317550542192,19014.899139859015,5,King Fahd,21567.0,5,22632.0,4,22709.0,5,19166.0,6
C1873,24.757589096267097,46.66298479158266,4518.283789344197,4,King Fahd,4434.0,5,4076.0,5,4314.0,5,4399.0,5
C1874,24.74742344893022,46.6512909409627,30287.903823338318,7,King Fahd,28228.0,6,31769.0,7,31731.0,8,30588.0,8
C1875,24.740495275540912,46.637998950420744,6785.748349571981,3,King Fahd,6745.0,2,6380.0,2,7656.0,4,7190.0,4
C1876,24.754553606318723,46.65062287399556,3548.8508935560517,2,King Fahd,3127.0,2,2831.0,1,3836.0,3,3376.0,3
C1877,24.75884896247732,46.65070719489051,1173.9601096607605,4,King Fahd,1377.0,3,1495.0,4,1246.0,3,736.0,5
C1878,24.758058176009893,46.665851188155074,2973.4453867536718,4,King Fahd,3234.0,5,3619.0,4,3020.0,3,3850.0,5
C1879,24.756175663549875,46.648294449569335,2754.8199811620216,2,King Fahd,3143.0,2,2262.0,3,3565.0,2,3224.0,1
C1880,24.75564980796099,46.62032984040865,3918.7066837963444,6,King Fahd,3100.0,6,4205.0,5,3888.0,6,3828.0,6
C1881,24.7654197574876,46.65407758140573,5585.580685607511,2,King Fahd,5778.0,3,4290.0,2,5280.0,2,6767.0,1
C1882,24.74785145277878,46.64081253015314,6386.940762907612,4,King Fahd,5611.0,3,7385.0,4,6979.0,4,5136.0,4
C1883,24.71662622210617,46.660422304992544,1725.5112660981215,2,Al Wurud,1737.0,3,1717.0,2,2157.0,2,2059.0,3
C1884,24.716804346704237,46.676279061098256,1853.8292391838536,0,Al Wurud,2197.0,0,1782.0,0,2256.0,0,1907.0,1
C1885,24.714040026387355,46.68930495227601,14578.311291760976,2,Al Wurud,15049.0,3,17241.0,1,14704.0,2,16520.0,1
C1886,24.712058683253723,46.67946847211176,4030.795170299907,3,Al Wurud,3899.0,4,4048.0,3,4551.0,3,3822.0,4
C1887,24.725797838922794,46.68397280205897,1610.7963382858866,3,Al Wurud,1871.0,3,1556.0,4,1738.0,3,1647.0,2
C1888,24.708512964974613,46.677316272860175,2726.978133795192,2,Al Wurud,3123.0,3,3091.0,3,2768.0,1,2966.0,3
C1889,24.715483785752962,46.654012641633614,6743.272251671718,5,Al Wurud,8571.0,4,6469.0,4,7431.0,5,7803.0,5
C1890,24.700567958019207,46.68684407199942,2948.343639014878,2,Al Wurud,2107.0,3,3325.0,2,3235.0,3,3176.0,2
C1891,24.705956983405876,46.65855934435055,5983.2410634355465,2,Al Wurud,6240.0,2,6002.0,3,6133.0,2,6381.0,2
C1892,24.717994695250976,46.664351790421726,2126.745592627914,1,Al Wurud,1981.0,2,2384.0,1,2687.0,1,1938.0,0
C1893,24.707395346740423,46.679224705449705,7573.019279532058,3,Al Wurud,6533.0,2,8275.0,3,7172.0,3,9523.0,4
C1894,24.717187368765924,46.67654054220931,5410.607822152275,5,Al Wurud,5470.0,6,6039.0,6,6567.0,6,5579.0,5
C1895,24.68621138864732,46.67309263910472,6054.423718390966,5,Al Wurud,4961.0,4,5198.0,6,7992.0,4,5849.0,4
C1896,24.710151633951828,46.6720939060061,3023.9188927303167,7,Al Wurud,1992.0,6,3848.0,6,3998.0,6,2877.0,7
C1897,24.70062984988155,46.679514205082185,1944.871850303635,3,Al Wurud,1670.0,4,1905.0,4,2032.0,2,1594.0,2
C1898,24.69498575762291,46.68114960766514,2885.529505354408,1,Al Wurud,2755.0,0,3623.0,1,2817.0,2,2566.0,0
C1899,24.690629563928347,46.6613620410823,2471.9277929870937,2,Al Wurud,3149.0,2,2267.0,2,1887.0,2,1907.0,1
C1900,24.712403962978225,46.66525604954698,6252.803928462915,2,Al Wurud,5537.0,1,6025.0,1,6223.0,1,6443.0,1
C1901,24.69884200718538,46.67217206658538,4165.976905737081,2,Al Wurud,3410.0,3,4021.0,2,5713.0,3,4115.0,3
C1902,24.713664019768597,46.65952568170369,7768.954148693903,5,Al Wurud,5416.0,5,9082.0,6,5966.0,6,8023.0,6
C1903,24.732473460055218,46.68138477859187,1182.2409800605544,1,Al Wurud,1113.0,0,1113.0,0,912.0,1,960.0,1
C1904,24.710910986717472,46.66785065486121,4939.383554409643,0,Al Wurud,4731.0,0,5249.0,0,5581.0,0,4626.0,0
C1905,24.708430449680634,46.676191840938635,1909.5558642534165,5,Al Wurud,1940.0,5,1485.0,6,2095.0,4,1726.0,6
C1906,24.700430494211176,46.67660787669383,3131.8940174444306,5,Al Wurud,2433.0,5,2925.0,4,2284.0,6,3597.0,4
C1907,24.71826651038172,46.69143354383396,5073.593206325967,1,Al Wurud,4462.0,2,5252.0,0,5049.0,0,3938.0,0
C1908,24.717321390359185,46.68945549300415,5735.869939776546,3,Al Wurud,3750.0,2,5663.0,4,6052.0,3,4428.0,2
C1909,24.703983825786214,46.682781571590446,5212.096722629269,1,Al Wurud,5311.0,0,3822.0,0,4044.0,2,6215.0,0
C1910,24.73229764669111,46.6723120792784,1809.815508567855,5,Al Wurud,1373.0,4,1945.0,5,2079.0,5,1908.0,4
C1911,24.72502181030455,46.67073459137176,2061.7937912627394,6,Al Wurud,1200.0,5,1781.0,5,1658.0,6,1576.0,7
C1912,24.709025540645854,46.666740083779544,12953.511953158166,3,Al Wurud,15128.0,2,16606.0,4,15211.0,4,15573.0,2
C1913,24.706006013143128,46.65901937948925,4604.626559519435,0,Al Wurud,4925.0,1,4491.0,0,4763.0,0,5635.0,1
C1914,24.703295023789376,46.66028453560097,8373.18244427976,3,Al Wurud,8763.0,4,11122.0,3,7527.0,2,9806.0,2
C1915,24.725267137171922,46.67149996338522,2280.6402164993865,2,Al Wurud,2386.0,2,2505.0,1,1737.0,3,1575.0,1
C1916,24.72545277789255,46.67831882123847,3611.5917237827025,6,Al Wurud,3028.0,6,3862.0,7,3440.0,7,3676.0,6
C1917,24.705388069804645,46.651786134320815,8738.010894306502,2,Al Wurud,10091.0,3,8159.0,1,8646.0,2,7603.0,1
C1918,24.703647758993476,46.66930661755379,5460.676330104818,7,Al Wurud,4568.0,7,5385.0,6,5375.0,6,5242.0,6
C1919,24.725345742681966,46.67908726941487,6518.989386600268,8,Al Wurud,8348.0,8,6964.0,8,5961.0,7,4972.0,9
C1920,24.691320657665067,46.68824085722924,1883.868010787005,4,Al Wurud,1936.0,5,1360.0,4,1831.0,4,2373.0,4
C1921,24.6978054267666,46.664192568250385,1100.8159072590445,1,Al Wurud,790.0,2,1262.0,1,1249.0,0,986.0,2
C1922,24.701662242793326,46.658864334483674,6858.4960668828735,7,Al Wurud,7710.0,7,5720.0,8,5945.0,8,7142.0,8
C1923,24.701952574672422,46.680489052791565,1296.7223671274796,8,Al Wurud,1673.0,9,1252.0,7,1261.0,8,1453.0,7
C1924,24.702950213174926,46.666897007554965,1763.290812768531,6,Al Wurud,1685.0,6,1072.0,5,1892.0,7,1925.0,7
C1925,24.70029492175722,46.67810260538435,6819.823345942096,3,Al Wurud,7869.0,2,7287.0,2,6822.0,4,7239.0,2
C1926,24.700464602485173,46.67297330196634,4348.682806060698,2,Al Wurud,4184.0,1,4830.0,2,4931.0,1,4093.0,1
C1927,24.72204681077013,46.68125772322978,1627.5323682844967,4,Al Wurud,1464.0,3,1699.0,4,2014.0,3,1681.0,5
C1928,24.708915291918238,46.686957181118,6059.149048603799,4,Al Wurud,3676.0,4,6359.0,3,5758.0,4,5857.0,3
C1929,24.711058855566616,46.6712164772837,1735.795237540794,5,Al Wurud,2047.0,5,1648.0,5,1798.0,5,1143.0,6
C1930,24.709884784018342,46.67371294710518,2020.931518732407,2,Al Wurud,1874.0,3,2071.0,1,1135.0,1,2323.0,3
C1931,24.70047936865642,46.68658242972369,6671.434095861305,5,Al Wurud,7012.0,5,7856.0,5,6346.0,4,6041.0,5
C1932,24.701318501997974,46.666502305419996,33544.64929899486,7,Al Wurud,27639.0,6,31575.0,8,37045.0,7,30908.0,8
C1933,24.7123646960097,46.68316363332049,1415.282107419384,6,Al Wurud,1214.0,5,1522.0,5,1182.0,5,1327.0,7
C1934,24.728317771823445,46.68306275739036,3095.0531359211946,3,Al Wurud,3595.0,4,3429.0,4,3725.0,2,2449.0,2
C1935,24.72006355797324,46.65384810501237,8838.706668896242,2,Al Wurud,8274.0,3,8563.0,3,6363.0,3,7228.0,3
C1936,24.720527053000513,46.676398679205455,1128.3678839063928,2,Al Wurud,1054.0,1,1170.0,3,1361.0,3,823.0,3
C1937,24.707062786104707,46.675080034914124,2892.567025284406,4,Al Wurud,2328.0,4,2992.0,3,2677.0,4,3095.0,4
C1938,24.700310437809744,46.69374160342511,1820.738579898019,6,Al Wurud,1867.0,5,1695.0,6,1547.0,6,2143.0,5
C1939,24.70190697546612,46.668719720797434,3116.003234296042,3,Al Wurud,3462.0,2,4222.0,3,2898.0,3,3150.0,3
C1940,24.698118699893406,46.66391065674995,4804.397161881071,5,Al Wurud,4444.0,4,4516.0,4,4627.0,4,3976.0,6
C1941,24.705666051181197,46.65687571389577,6234.511300277924,0,Al Wurud,6023.0,1,7797.0,0,5301.0,1,7454.0,0
C1942,24.70128789333259,46.659009297855604,21435.74319802823,5,Al Wurud,17385.0,6,24816.0,5,17045.0,5,20398.0,4
C1943,24.715870874960004,46.683124989670674,2838.359395938318,0,Al Wurud,3420.0,1,2010.0,1,2623.0,0,2158.0,0
C1944,24.70370352404451,46.67985804843817,2637.351546067816,2,Al Wurud,2377.0,3,2741.0,3,3021.0,1,1891.0,1
C1945,24.71159483865845,46.66760970767586,3730.996048115991,2,Al Wurud,3623.0,3,4299.0,2,3970.0,1,3831.0,1
C1946,24.707063047034612,46.65924461734826,9890.854999619036,5,Al Wurud,12336.0,4,11087.0,5,11918.0,5,12028.0,6
C1947,24.725489329612625,46.68545319956277,8701.78452651767,4,Al Wurud,8357.0,3,7586.0,5,7928.0,3,8195.0,4
C1948,24.72101789621277,46.67327475512714,9076.895213413449,4,Al Wurud,6910.0,3,9442.0,4,8617.0,3,8207.0,5
C1949,24.710739417662612,46.65557766176046,7895.356946260204,4,Al Wurud,6753.0,5,6544.0,5,7520.0,3,7566.0,3
C1950,24.695568430895833,46.68210668536968,6454.344568502679,1,Al Wurud,6071.0,2,5499.0,0,6612.0,0,5628.0,0
C1951,24.71905563829916,46.67037814329588,10802.237210141124,2,Al Wurud,13637.0,2,10456.0,2,11582.0,2,9909.0,1
C1952,24.712455847493512,46.68313365605078,5434.151993714554,3,Al Wurud,5588.0,2,5597.0,2,6886.0,2,5636.0,2
C1953,24.719766655980887,46.6758856402456,1899.3120169351175,4,Al Wurud,1825.0,3,2347.0,3,2105.0,3,1692.0,5
C1954,24.732848181067542,46.669895222056965,4547.489923159977,2,Al Wurud,5090.0,2,4796.0,3,4672.0,3,5180.0,1
C1955,24.700836001265756,46.68730982483251,1825.4477338616966,9,Al Wurud,2174.0,8,2111.0,8,2203.0,10,1556.0,8
C1956,24.69425903141044,46.68719340883652,5239.843424746697,7,Al Wurud,4615.0,6,4341.0,8,4636.0,6,5793.0,8
C1957,24.71396129668796,46.663288208403195,2759.734431882918,4,Al Wurud,3341.0,5,2304.0,4,2221.0,3,2901.0,3
C1958,24.724707218131208,46.66370436183943,4012.4445645683695,3,Al Wurud,4511.0,4,3740.0,4,4425.0,4,3777.0,2
C1959,24.70466515507801,46.64975277962715,6423.155499972312,3,Al Wurud,6825.0,4,8075.0,4,6600.0,2,6131.0,4
C1960,24.721389165888276,46.69143411801993,1639.0951892850871,7,Al Wurud,1047.0,8,1325.0,8,1673.0,7,1558.0,6
C1961,24.699259167593567,46.6696462485891,27631.10738394137,2,Al Wurud,28313.0,3,21347.0,3,31573.0,3,34565.0,1
C1962,24.708615742985202,46.66342500164318,3800.116057843638,4,Al Wurud,4580.0,3,3768.0,5,3618.0,4,3335.0,5
C1963,24.709979539339702,46.6612877946738,2573.181267067925,4,Al Wurud,2455.0,3,3025.0,5,2536.0,3,3029.0,4
C1964,24.844792184044984,46.638387592876526,4985.020240311152,1,Al Yasmin,6697.0,2,3816.0,0,5281.0,0,5735.0,1
C1965,24.860945207479368,46.64180540388211,9560.802410130438,4,Al Yasmin,9623.0,3,9233.0,5,10517.0,4,9067.0,4
C1966,24.86251655918866,46.63541060498011,7264.380973619354,2,Al Yasmin,6118.0,2,5848.0,3,8357.0,3,9020.0,2
C1967,24.868712499222788,46.64329053171547,6698.289004075734,6,Al Yasmin,7267.0,7,8126.0,6,6831.0,5,4302.0,6
C1968,24.84124738817705,46.64065057153207,3366.765853956998,3,Al Yasmin,3501.0,4,3714.0,4,3508.0,4,3488.0,4
C1969,24.8612275308239,46.6488227490892,5088.755220981893,4,Al Yasmin,5706.0,3,5304.0,5,3247.0,5,5182.0,4
C1970,24.84348502936867,46.62992247114603,2654.42784224501,6,Al Yasmin,2554.0,6,2642.0,6,3149.0,6,2660.0,6
C1971,24.849835829122743,46.636712830239105,5145.512409927548,3,Al Yasmin,6135.0,2,4981.0,3,3941.0,4,5787.0,3
C1972,24.852327398123958,46.63368421752843,2327.7637902621354,3,Al Yasmin,2123.0,4,2380.0,2,2317.0,4,2186.0,4
C1973,24.85738977880255,46.63770031242083,7782.560159374198,0,Al Yasmin,7905.0,0,7066.0,1,10767.0,0,7558.0,1
C1974,24.84443219280297,46.65725011337649,3700.181248835074,2,Al Yasmin,2988.0,1,3233.0,1,3525.0,3,4335.0,1
C1975,24.859394378828476,46.64991649313757,23246.992274166434,2,Al Yasmin,20344.0,2,19535.0,3,17756.0,3,22820.0,2
C1976,24.845481307447642,46.64164730043492,6211.221538866644,3,Al Yasmin,6377.0,4,6236.0,2,7730.0,2,5242.0,3
C1977,24.85768657466137,46.65276385205945,11312.566141173398,1,Al Yasmin,10145.0,0,10025.0,2,10390.0,1,12269.0,0
C1978,24.848445818735716,46.63229668153215,10141.486193431554,3,Al Yasmin,9412.0,3,11455.0,4,9911.0,4,10005.0,3
C1979,24.860742671062276,46.64619123124805,13491.660299004507,6,Al Yasmin,13017.0,5,9388.0,5,13180.0,7,12336.0,6
C1980,24.861476584619833,46.64128585007935,3833.554084463646,1,Al Yasmin,3965.0,1,4159.0,1,4264.0,1,4147.0,0
C1981,24.875519404234097,46.64934871346952,9318.899677248754,5,Al Yasmin,10362.0,6,10063.0,5,10425.0,6,8231.0,4
C1982,24.847245156900257,46.64851847886051,2380.9067849757384,4,Al Yasmin,2648.0,3,2808.0,4,2341.0,4,2028.0,5
C1983,24.853206579058238,46.647421687510075,13366.21418662297,1,Al Yasmin,15385.0,0,12902.0,2,15623.0,1,12829.0,0
C1984,24.829354619271534,46.64923147580288,6383.388865951458,4,Al Yasmin,6557.0,4,4999.0,4,5528.0,4,6195.0,5
C1985,24.84898658735884,46.64069225220731,1797.9641662569425,4,Al Yasmin,1643.0,4,1559.0,5,1983.0,4,1810.0,5
C1986,24.864937423617423,46.6501922190439,13489.92884229144,4,Al Yasmin,10203.0,3,15743.0,5,12248.0,4,11039.0,5
C1987,24.85567959119308,46.63617648242907,2125.042168727032,0,Al Yasmin,2006.0,0,2035.0,0,2352.0,0,2671.0,0
C1988,24.824313003459647,46.640035649193436,4991.107323194034,3,Al Yasmin,4372.0,2,4700.0,2,4497.0,4,5492.0,3
C1989,24.831412275805768,46.634865047582444,9702.297125925084,3,Al Yasmin,7000.0,4,8893.0,4,9076.0,3,9900.0,3
C1990,24.859741836907787,46.65316265930881,1854.4975178100758,3,Al Yasmin,2311.0,4,1840.0,2,2269.0,4,1917.0,3
C1991,24.841357039706196,46.62559717440656,1653.7803607496944,0,Al Yasmin,1187.0,1,1602.0,1,1377.0,0,1031.0,0
C1992,24.845969960357184,46.63192675624175,615.9086337485705,2,Al Yasmin,647.0,2,477.0,3,508.0,3,701.0,1
C1993,24.832919206058843,46.641383585274404,3902.8176295840985,3,Al Yasmin,4218.0,4,3570.0,3,4245.0,4,3300.0,4
C1994,24.874173190810147,46.62190108580074,5618.008500223597,6,Al Yasmin,5399.0,7,6453.0,5,5398.0,5,6036.0,7
C1995,24.84606807155267,46.63060259599625,3692.2405143293468,3,Al Yasmin,5127.0,3,4479.0,2,3458.0,4,3027.0,2
C1996,24.855035931884853,46.639812987671554,4153.981158501937,3,Al Yasmin,4153.0,4,4087.0,3,4070.0,4,4764.0,4
C1997,24.857396616102065,46.65152870852059,17983.922821995537,8,Al Yasmin,15833.0,9,16659.0,9,23740.0,9,16521.0,8
C1998,24.85412265913624,46.6329449365986,3703.919187033271,1,Al Yasmin,4680.0,0,4443.0,2,3132.0,0,3582.0,0
C1999,24.855347976136418,46.642656985281505,2614.5795175027342,4,Al Yasmin,2288.0,5,2551.0,4,2511.0,4,3211.0,4
C2000,24.84293355354621,46.64120438965498,2387.0287971523594,3,Al Yasmin,1859.0,3,1981.0,2,2449.0,3,2739.0,2
C2001,24.86358138068006,46.64245752726268,35409.34946183379,0,Al Yasmin,29888.0,1,34815.0,1,30445.0,0,28066.0,1
C2002,24.846941909379776,46.629147410808336,4931.209272496523,2,Al Yasmin,4434.0,1,5439.0,3,4910.0,1,4410.0,2
C2003,24.840726047314313,46.65756171010442,10750.888126400981,3,Al Yasmin,10789.0,2,13213.0,2,11545.0,4,11053.0,2
C2004,24.86025804641999,46.631844664991874,4977.250685928597,4,Al Yasmin,5215.0,4,4631.0,5,4302.0,4,4798.0,5
C2005,24.841605891505235,46.62032637942841,10810.303162028375,5,Al Yasmin,8277.0,5,11678.0,5,12635.0,5,12109.0,4
C2006,24.83085210030889,46.628512582512094,1466.413004277488,3,Al Yasmin,1539.0,3,1398.0,2,1216.0,3,1314.0,4
C2007,24.87111436913545,46.64766997492372,7536.80129466424,5,Al Yasmin,10067.0,5,8803.0,4,7380.0,5,5408.0,6
C2008,24.834219771464163,46.62842442466445,2326.1375932461283,1,Al Yasmin,2066.0,1,2417.0,2,2446.0,1,2005.0,2
C2009,24.85334060801045,46.631323199669325,3634.550664321009,3,Al Yasmin,3550.0,2,3779.0,3,5374.0,2,3530.0,2
C2010,24.854188096482794,46.66537863352425,5195.1849460593685,5,Al Yasmin,5727.0,6,4457.0,4,3834.0,6,5617.0,4
C2011,24.84184094781733,46.617456667714436,3301.595700287679,0,Al Yasmin,3895.0,1,3153.0,1,3444.0,0,3667.0,0
C2012,24.84801686782252,46.615701611235245,7779.6213361382215,3,Al Yasmin,6964.0,2,7423.0,2,10731.0,4,9226.0,3
C2013,24.859796134303213,46.642288328512294,10090.782938973702,0,Al Yasmin,8581.0,0,4803.0,1,9194.0,0,10437.0,1
C2014,24.855808771721197,46.64968804730216,5354.9346631431345,1,Al Yasmin,4516.0,0,6032.0,1,6235.0,0,5186.0,2
C2015,24.85224712095739,46.64198730251745,4129.7008119427155,5,Al Yasmin,4804.0,6,4130.0,6,4265.0,4,4578.0,4
C2016,24.84604744878115,46.638609213078006,3645.6532046419006,3,Al Yasmin,4132.0,3,3540.0,2,2865.0,2,3587.0,4
C2017,24.839343447213672,46.64613313037296,3260.0057927193625,2,Al Yasmin,2176.0,3,3093.0,3,3455.0,3,3027.0,1
C2018,24.822280259251134,46.6424714449621,3942.1173496316483,2,Al Yasmin,2646.0,3,3962.0,3,3418.0,2,3661.0,1
C2019,24.844935490552867,46.62623686554724,3101.1570492122696,2,Al Yasmin,2507.0,2,3215.0,1,3143.0,3,3530.0,3
C2020,24.84493366946284,46.64375338484955,6756.9216906623715,5,Al Yasmin,5192.0,5,5477.0,5,5239.0,5,8256.0,6
C2021,24.85224694267696,46.64655356771305,3344.123021625411,2,Al Yasmin,3541.0,1,3409.0,3,3713.0,2,4001.0,3
C2022,24.843901502524353,46.64688471115284,4160.435206550889,4,Al Yasmin,4286.0,3,4235.0,3,2655.0,4,3158.0,5
C2023,24.864229597800122,46.6125229717614,3895.2215294229177,4,Al Yasmin,5043.0,3,3916.0,5,3798.0,3,4530.0,5
C2024,24.821578762178024,46.6190583885881,2855.0711259095942,2,Al Yasmin,3191.0,1,2240.0,2,3408.0,2,2372.0,3
C2025,24.85781043479086,46.64897250194163,2020.2774203809413,3,Al Yasmin,2051.0,3,1982.0,4,2178.0,3,1915.0,4
C2026,24.858317955980603,46.6521776792323,3165.518633678087,4,Al Yasmin,3724.0,3,2577.0,5,3001.0,5,3441.0,4
C2027,24.82517570294175,46.64422390227711,1124.2747992299537,2,Al Yasmin,968.0,3,1183.0,1,1085.0,1,898.0,2
C2028,24.851686563526272,46.629812729350306,4002.995174227433,2,Al Yasmin,3138.0,1,4777.0,3,3749.0,1,3262.0,1
C2029,24.857828501076472,46.63431502978665,3419.0564716411923,2,Al Yasmin,3425.0,1,3858.0,2,4815.0,3,3031.0,1
C2030,24.815321962916414,46.643033486613945,3164.758366737525,3,Al Yasmin,3607.0,4,3012.0,2,3141.0,2,3963.0,3
C2031,24.8660422160258,46.63176069120677,2276.5378921779757,7,Al Yasmin,1708.0,8,2100.0,7,2272.0,8,2642.0,8
C2032,24.870869079229177,46.660451866003065,4133.922552068576,4,Al Yasmin,4683.0,4,3798.0,3,3679.0,4,3573.0,5
C2033,24.863149815872426,46.67323535297555,2640.3078472199563,6,Al Yasmin,2977.0,5,2778.0,5,2453.0,5,2692.0,6
C2034,24.82621282164707,46.63900434422959,1727.956510956304,3,Al Yasmin,1590.0,2,1562.0,4,1887.0,2,1761.0,3
C2035,24.84431790256994,46.64732878921537,12675.287905574192,6,Al Yasmin,12960.0,6,11700.0,6,11519.0,5,13257.0,6
C2036,24.8617448688139,46.64842790974226,8021.8313999582815,5,Al Yasmin,7661.0,6,5097.0,6,7053.0,6,7159.0,4
C2037,24.83025426324858,46.65050365506388,6962.19064103341,1,Al Yasmin,7025.0,2,6107.0,1,6388.0,1,8460.0,1
C2038,24.850561628473223,46.61581394923399,1663.8783074840396,2,Al Yasmin,1863.0,1,1476.0,3,1576.0,2,1568.0,3
C2039,24.836391487966992,46.633279280062915,5726.560168916834,4,Al Yasmin,5007.0,4,5283.0,3,5876.0,5,6425.0,3
C2040,24.842444031075456,46.65223848915694,9458.12569979078,4,Al Yasmin,10925.0,4,11144.0,4,8771.0,4,7060.0,4
C2041,24.8464760342758,46.62412201058972,2516.693623666076,2,Al Yasmin,2842.0,1,2021.0,1,2445.0,1,2662.0,3
C2042,24.829962543620315,46.640245078054,1348.643523230318,5,Al Yasmin,1531.0,6,1089.0,4,1197.0,4,1377.0,4
C2043,24.85706914842504,46.634471056167406,10493.77831868265,1,Al Yasmin,7310.0,0,11424.0,0,12442.0,0,12621.0,1
C2044,24.85781537941057,46.63017011062153,3121.7525085360135,6,Al Yasmin,2226.0,6,2678.0,5,3164.0,7,1903.0,6
C2045,24.819444093884513,46.636246573720385,14149.373556248536,4,Al Yasmin,15594.0,5,13826.0,4,13484.0,4,15315.0,5
C2046,24.827287652345237,46.64219334618057,2595.304753617658,1,Al Yasmin,2355.0,0,2664.0,2,2709.0,1,2910.0,2
C2047,24.853788849068046,46.646837131157596,4177.084165595914,3,Al Yasmin,3724.0,4,4191.0,4,4149.0,3,4007.0,4
C2048,24.86034934607222,46.63668103320623,32641.271431890615,2,Al Yasmin,28731.0,3,28977.0,3,24969.0,3,39054.0,3
C2049,24.836242809829837,46.62481129920948,3594.7551896860587,6,Al Yasmin,2848.0,6,4080.0,7,3498.0,5,4726.0,6
C2050,24.879336648762685,46.64592426021612,4104.792941214493,3,Al Yasmin,3912.0,2,5006.0,3,5122.0,2,4644.0,2
C2051,24.845447770373905,46.62369258320931,3155.5502811847027,8,Al Yasmin,2798.0,7,2696.0,7,3395.0,8,3536.0,7
C2052,24.855481205670074,46.638630122067134,305.02080880394936,2,Al Yasmin,274.0,2,293.0,1,359.0,3,367.0,3
C2053,24.841525325727982,46.67485981124377,7574.542650215883,7,Al Yasmin,8102.0,8,8620.0,8,6813.0,6,8068.0,8
C2054,24.86554753278328,46.64240299835589,1959.391202586292,1,Al Yasmin,1600.0,2,1902.0,0,1523.0,0,2319.0,2
C2055,24.862482990267836,46.63199243260455,2256.548894323269,5,Al Yasmin,2636.0,6,1929.0,6,2020.0,4,2458.0,5
C2056,24.82450196503308,46.65676223870146,7219.924769090923,1,Al Yasmin,4750.0,1,6774.0,0,8684.0,0,6473.0,2
C2057,24.848233767421885,46.653785926120065,1629.1293048345988,1,Al Yasmin,2246.0,1,1828.0,2,1385.0,1,1371.0,2
C2058,24.837847680247002,46.643997478792976,11463.010682198801,6,Al Yasmin,9048.0,6,9809.0,7,10098.0,5,13476.0,5
C2059,24.857709282684,46.62415976816176,988.0473594591272,6,Al Yasmin,1073.0,5,1026.0,7,1152.0,7,1076.0,6
C2060,24.862649799240266,46.64179454158342,6158.343763803948,4,Al Yasmin,6994.0,3,6507.0,4,5927.0,3,5535.0,3
C2061,24.846492437752087,46.636004520181224,6188.938651617909,7,Al Yasmin,6164.0,7,5606.0,7,6005.0,6,6210.0,8
C2062,24.75755004068392,46.62919135857741,3496.147559634916,7,Al Nakheel,3881.0,6,3787.0,7,3696.0,8,4262.0,7
C2063,24.75099117944686,46.62182092115466,42384.80446933051,1,Al Nakheel,41541.0,2,46543.0,2,42938.0,0,31455.0,0
C2064,24.73321508692224,46.61880442423024,3153.5245691573496,5,Al Nakheel,2295.0,4,3615.0,6,3010.0,6,2725.0,5
C2065,24.757969784080263,46.63511938849101,1822.4582078299434,0,Al Nakheel,1912.0,0,2072.0,0,1892.0,0,2012.0,1
C2066,24.74730263046612,46.62284511982437,1964.795535895233,4,Al Nakheel,2301.0,5,1540.0,3,1754.0,5,2207.0,3
C2067,24.744733260145804,46.65615670913238,977.8386090344974,3,Al Nakheel,892.0,3,1106.0,3,972.0,2,805.0,3
C2068,24.73540274890365,46.61156829623435,3970.330710976926,2,Al Nakheel,2928.0,2,4311.0,2,4361.0,2,3375.0,3
C2069,24.731010554506977,46.63315533645216,5146.959296704203,5,Al Nakheel,4656.0,6,5885.0,4,4328.0,4,5272.0,5
C2070,24.73019286345616,46.62793456258696,1640.1606177028928,2,Al Nakheel,1716.0,2,1438.0,2,1588.0,1,1985.0,2
C2071,24.750040580539192,46.632245768282,10413.80178360957,4,Al Nakheel,10858.0,5,11795.0,4,8627.0,3,10426.0,4
C2072,24.766706141779874,46.626212765438396,1457.0279964914769,3,Al Nakheel,1698.0,3,1537.0,2,1620.0,4,948.0,2
C2073,24.769193561247228,46.62374613235846,14012.433729303064,1,Al Nakheel,15157.0,0,11660.0,1,15305.0,0,16169.0,2
C2074,24.75328408285633,46.623662936699894,2536.0316322126737,2,Al Nakheel,2724.0,2,3009.0,2,2895.0,3,2526.0,2
C2075,24.74657972090224,46.627107929313276,3637.0777353582284,4,Al Nakheel,2513.0,5,3227.0,4,4200.0,4,3384.0,4
C2076,24.747318502899567,46.627741873523576,3556.6533102823214,7,Al Nakheel,4755.0,7,3034.0,7,4103.0,8,2935.0,6
C2077,24.751436949715323,46.64461902552115,4235.205155514411,5,Al Nakheel,4253.0,4,4484.0,4,4691.0,4,4992.0,6
C2078,24.754470695593433,46.62359672177415,5875.66104082144,5,Al Nakheel,6630.0,4,5364.0,5,5190.0,5,6108.0,4
C2079,24.74768255085961,46.635949038593225,2069.7447110646494,2,Al Nakheel,1953.0,1,2181.0,2,2360.0,3,2194.0,3
C2080,24.754345335596835,46.6193811397118,1217.9523016278354,2,Al Nakheel,1186.0,1,1176.0,2,1051.0,3,1281.0,2
C2081,24.74965594263594,46.642459119296454,5876.883232439613,1,Al Nakheel,5911.0,2,6125.0,0,7933.0,1,6258.0,1
C2082,24.756303490152636,46.63227237155577,5060.874812991796,4,Al Nakheel,6262.0,5,5668.0,5,5280.0,3,5694.0,5
C2083,24.73172547807011,46.631694423146214,2249.9077151787765,4,Al Nakheel,2764.0,3,2241.0,4,2450.0,5,2827.0,5
C2084,24.752710253593314,46.64100414633417,1641.8171022385764,2,Al Nakheel,1792.0,3,1851.0,2,1338.0,3,1379.0,2
C2085,24.74415140162825,46.61166302079541,25775.06947601657,3,Al Nakheel,33513.0,3,28985.0,4,29921.0,2,25469.0,4
C2086,24.74646920650113,46.634166559002914,4679.982452219626,5,Al Nakheel,4383.0,5,4115.0,4,5504.0,5,4359.0,5
C2087,24.75645035058642,46.634801620266195,9132.590059005412,2,Al Nakheel,9828.0,3,10281.0,1,6982.0,3,11434.0,3
C2088,24.75160353902815,46.60422499552292,5396.934331166254,3,Al Nakheel,5005.0,3,5889.0,4,4946.0,3,5160.0,3
C2089,24.7567093300352,46.626717255359615,2282.725807964245,4,Al Nakheel,2728.0,5,2330.0,5,2122.0,4,1729.0,5
C2090,24.748134990885237,46.62072474223812,6113.265901880329,3,Al Nakheel,6130.0,3,7116.0,4,5518.0,3,6084.0,2
C2091,24.749313041102447,46.62708673830329,3070.2318226009656,0,Al Nakheel,3521.0,1,3814.0,1,3707.0,0,2731.0,0
C2092,24.749227184711117,46.61809474711916,4122.649029222341,5,Al Nakheel,5198.0,4,4584.0,6,5461.0,6,3662.0,4
C2093,24.754818741056067,46.647754209200286,1985.81244818797,4,Al Nakheel,1351.0,4,1564.0,4,1668.0,5,1851.0,3
C2094,24.732554826674107,46.63318386254125,2882.217887707067,3,Al Nakheel,3832.0,4,3073.0,3,3336.0,2,2315.0,3
C2095,24.733818186702724,46.61858555269219,13157.461695859984,3,Al Nakheel,13766.0,3,12925.0,4,12639.0,3,9329.0,3
C2096,24.758564824991623,46.63400969544522,8758.72766215721,0,Al Nakheel,8310.0,0,8429.0,0,10559.0,0,11318.0,0
C2097,24.75108142528615,46.629304674959286,2669.2167853039505,5,Al Nakheel,1880.0,6,2807.0,6,1688.0,4,2617.0,5
C2098,24.751394953434517,46.61920005831893,3768.689385486894,4,Al Nakheel,3585.0,5,3596.0,4,3523.0,4,3237.0,5
C2099,24.75533421568645,46.64338185153394,21525.954372615022,0,Al Nakheel,13896.0,0,26671.0,1,25451.0,0,23525.0,0
C2100,24.736843865232665,46.645317915141284,8765.404192483178,4,Al Nakheel,8864.0,5,9132.0,3,7764.0,4,10515.0,5
C2101,24.762731515225077,46.620042581844665,1809.5387210824165,5,Al Nakheel,1758.0,4,1818.0,5,2132.0,5,1333.0,4
C2102,24.74593330740332,46.62649345673398,1857.3960647946824,4,Al Nakheel,2372.0,3,2073.0,5,1714.0,5,1731.0,4
C2103,24.745785296435404,46.61690974427089,2438.517032810048,3,Al Nakheel,2311.0,3,2727.0,3,2855.0,2,2540.0,2
C2104,24.752571526346518,46.6153826258868,13965.996426716903,3,Al Nakheel,16232.0,4,16395.0,3,15187.0,3,12186.0,3
C2105,24.7726494234392,46.59858757040369,1291.1821240683228,1,Al Nakheel,1519.0,1,1413.0,0,1209.0,1,1378.0,2
C2106,24.767891388102974,46.63645596022321,1672.9862308922193,5,Al Nakheel,2199.0,6,1668.0,5,1481.0,6,1361.0,4
C2107,24.74836447307495,46.61002319570249,2988.2497682870485,2,Al Nakheel,2869.0,2,3053.0,3,2911.0,1,2687.0,1
C2108,24.757354273820052,46.6348678891179,9721.553916620625,2,Al Nakheel,10837.0,1,6690.0,3,11410.0,3,9537.0,3
C2109,24.74525557531618,46.64572567502252,15115.198181849271,7,Al Nakheel,11564.0,8,11921.0,8,15094.0,6,16076.0,6
C2110,24.784861336815098,46.64773304166936,8661.158057799044,4,Al Nakheel,7172.0,4,9988.0,5,7794.0,5,8705.0,5
C2111,24.7438294279618,46.633823461493634,5589.460750219931,4,Al Nakheel,5345.0,3,5336.0,5,8373.0,3,5013.0,4
C2112,24.7537196201998,46.600364148940855,17104.046855756627,2,Al Nakheel,17013.0,1,21649.0,1,13048.0,2,16143.0,1
C2113,24.72430069696762,46.62500284725271,5431.763022085207,6,Al Nakheel,4410.0,5,6867.0,6,5245.0,7,3702.0,5
C2114,24.765004220097197,46.63147477841271,14598.72669301006,2,Al Nakheel,13651.0,3,11974.0,2,15779.0,1,19266.0,3
C2115,24.754184849057996,46.620799971195616,4328.119339472399,2,Al Nakheel,4787.0,2,4533.0,1,3647.0,3,4058.0,1
C2116,24.752090716369676,46.612848939579784,3444.741966735439,5,Al Nakheel,3198.0,6,4899.0,5,3437.0,6,3289.0,4
C2117,24.73369279409531,46.6352708054698,4946.065558288403,0,Al Nakheel,4821.0,0,4391.0,0,4631.0,0,5139.0,0
C2118,24.73788093912286,46.63345059493009,1774.730538124576,4,Al Nakheel,1530.0,3,1881.0,5,1379.0,5,1925.0,5
C2119,24.70905226166865,46.629854870947575,9554.158297671675,3,Al Nakheel,11569.0,3,9257.0,2,10202.0,4,10038.0,3
C2120,24.752475110895233,46.650152257835046,6856.733565233851,4,Al Nakheel,8722.0,5,6632.0,5,5681.0,3,6152.0,5
C2121,24.73873724891086,46.65471823637011,1834.432370771568,0,Al Nakheel,1890.0,0,1764.0,0,1626.0,0,1376.0,0
C2122,24.753097611081213,46.61944410903723,7489.207765792541,5,Al Nakheel,7348.0,6,7488.0,6,8871.0,4,7286.0,6
C2123,24.7585237051701,46.63686539358559,1814.6258944336014,0,Al Nakheel,2277.0,0,2020.0,0,1509.0,0,1595.0,0
C2124,24.72976699554222,46.648574792352306,15500.73371583345,1,Al Nakheel,16623.0,2,13726.0,2,16897.0,0,14198.0,2
C2125,24.772618966793665,46.64109642907136,16391.163031892873,2,Al Nakheel,14685.0,3,17634.0,2,19292.0,1,16370.0,1
C2126,24.732918288161848,46.60974233343898,2619.237709340656,2,Al Nakheel,2073.0,3,2357.0,2,3008.0,3,2711.0,2
C2127,24.749273067989627,46.6317985314383,7360.599469817384,2,Al Nakheel,6686.0,3,7940.0,2,7874.0,1,8781.0,2
C2128,24.760097897569366,46.62418086073625,17039.15194405535,2,Al Nakheel,22771.0,3,17865.0,1,16427.0,2,16644.0,3
C2129,24.75086087362758,46.6226747858868,1846.2883397094217,5,Al Nakheel,1676.0,4,1642.0,5,1456.0,5,1365.0,6
C2130,24.728654008120078,46.61409937931131,10522.793095441923,2,Al Nakheel,15187.0,3,10764.0,3,10743.0,3,11435.0,1
C2131,24.729724342157983,46.63690986850019,3519.658565856777,6,Al Nakheel,3515.0,6,3152.0,7,3752.0,5,4006.0,6
C2132,24.74541112144422,46.62005359894178,4124.821828667768,4,Al Nakheel,3984.0,3,3628.0,5,3805.0,3,3101.0,5
C2133,24.74608503249608,46.63880030242151,1603.4185915795613,0,Al Nakheel,1928.0,0,1880.0,0,1364.0,1,1748.0,1
C2134,24.74723019062215,46.6512297299656,6015.1279155975935,3,Al Nakheel,5783.0,4,4438.0,4,6793.0,3,6177.0,2
C2135,24.763059659304126,46.64847244128666,4523.426298732062,3,Al Nakheel,4783.0,3,4902.0,2,3802.0,3,4149.0,3
C2136,24.7669613821494,46.60003459676893,821.7534458211284,6,Al Nakheel,690.0,7,908.0,7,875.0,6,842.0,7
C2137,24.751342431481387,46.63812131629305,20056.832688878432,4,Al Nakheel,16201.0,4,18378.0,4,18584.0,3,21204.0,3
C2138,24.751631053987506,46.623000062826655,7890.165583379049,4,Al Nakheel,6988.0,4,9160.0,5,5884.0,3,8582.0,4
C2139,24.7549693427247,46.636728253866714,7659.214308781353,2,Al Nakheel,7916.0,2,8692.0,2,9506.0,2,8970.0,2
C2140,24.74867333224802,46.60956707425992,5589.102611883225,3,Al Nakheel,5014.0,3,4550.0,4,6094.0,4,5571.0,2
C2141,24.762416433456206,46.64707948479013,1713.4231618531928,2,Al Nakheel,1195.0,3,1849.0,1,1851.0,2,1710.0,1
C2142,24.771451029512992,46.63397075312126,5535.164365825029,4,Al Nakheel,5937.0,5,5926.0,5,4350.0,3,7536.0,4
C2143,24.73398276373567,46.61167572796531,6859.795912286692,4,Al Nakheel,6681.0,5,6141.0,4,6716.0,5,5749.0,3
C2144,24.73226247578788,46.65336741592679,2464.1628465541476,8,Al Nakheel,2357.0,8,2677.0,7,2563.0,8,2359.0,9
C2145,24.70457150189589,46.56221314747392,12424.935859164607,1,Irqah,11245.0,2,13813.0,1,11009.0,0,11746.0,0
C2146,24.716745370150598,46.58459400969483,4438.681276988174,8,Irqah,2898.0,9,3985.0,8,5530.0,7,4945.0,7
C2147,24.7052428580659,46.56040761917358,21526.66235984456,5,Irqah,26779.0,5,15338.0,4,14947.0,5,25079.0,6
C2148,24.684199717472527,46.562743098410934,3681.30056423987,3,Irqah,3407.0,2,3906.0,2,4062.0,4,2946.0,3
C2149,24.692820974344457,46.56190047189943,11442.114189102283,2,Irqah,12364.0,1,10236.0,1,8165.0,3,13544.0,3
C2150,24.717036006466326,46.54125730678085,1299.0393996250632,3,Irqah,1577.0,4,977.0,2,990.0,3,1065.0,3
C2151,24.694472334203905,46.58603237367846,4789.411822113774,3,Irqah,5619.0,4,4534.0,2,3854.0,4,6661.0,4
C2152,24.71428993329275,46.54477640071222,11818.388397526844,5,Irqah,12181.0,6,7752.0,6,12794.0,6,10612.0,5
C2153,24.69801880861397,46.558885372921516,7788.897004721381,2,Irqah,7797.0,1,7425.0,2,6926.0,1,9072.0,2
C2154,24.69332251445809,46.58385685690214,3646.098439435627,8,Irqah,3817.0,9,4452.0,9,3264.0,9,3495.0,8
C2155,24.698739177213028,46.552652887201845,3405.105843001503,3,Irqah,3879.0,2,2001.0,2,2927.0,3,3764.0,2
C2156,24.71030521497528,46.57281345444546,13025.016349299236,3,Irqah,14181.0,4,13927.0,4,10075.0,3,11544.0,3
C2157,24.711965338870453,46.57099071008965,4603.125462946102,2,Irqah,4285.0,1,3996.0,1,3961.0,3,4689.0,3
C2158,24.69420672715692,46.56638874494273,4711.771611609463,7,Irqah,5037.0,6,4441.0,7,3991.0,6,4722.0,6
C2159,24.685627891891468,46.56526061238679,12911.913072109786,3,Irqah,13659.0,2,11231.0,3,12222.0,3,13077.0,3
C2160,24.720917840290085,46.569218150733896,1772.6086811152688,4,Irqah,1962.0,4,1941.0,3,1662.0,4,1982.0,3
C2161,24.709493067517545,46.5561492553457,1994.7636608177381,5,Irqah,2057.0,5,1997.0,4,1264.0,5,1860.0,6
C2162,24.71513715341633,46.56768743101823,852.448037194542,5,Irqah,1032.0,4,758.0,6,764.0,4,810.0,6
C2163,24.70915010061162,46.53885116429427,4383.1428185259,4,Irqah,4518.0,4,3559.0,3,5152.0,3,3512.0,4
C2164,24.718743347310244,46.53709058159563,3548.296058035244,4,Irqah,4033.0,5,3337.0,3,3271.0,5,3470.0,5
C2165,24.713440478668684,46.56179813301101,3523.889599202973,3,Irqah,3547.0,4,4125.0,4,3458.0,2,3260.0,2
C2166,24.710625979335283,46.54334570159313,9693.440446682604,0,Irqah,8834.0,0,8004.0,1,8564.0,0,10970.0,0
C2167,24.701528590678215,46.56039767124633,5697.559100845175,7,Irqah,4866.0,8,6058.0,6,5061.0,6,6265.0,7
C2168,24.690324807813273,46.55626938388133,3943.026012072193,4,Irqah,3846.0,5,4148.0,3,3864.0,3,3510.0,3
C2169,24.688812754176798,46.54507447415738,9679.104420755988,5,Irqah,10475.0,6,6882.0,6,7625.0,5,10312.0,4
C2170,24.711204072276004,46.543024275756125,6164.124252872664,0,Irqah,7366.0,0,7172.0,0,5949.0,0,7374.0,0
C2171,24.71722188943287,46.53851728720553,6151.171250442511,4,Irqah,6065.0,5,6131.0,4,4549.0,3,5951.0,5
C2172,24.674398395451323,46.54227081420168,2167.8189185521414,4,Irqah,1994.0,4,2879.0,3,2254.0,5,1784.0,4
C2173,24.694737437514682,46.57645711413168,14104.074237297464,1,Irqah,12998.0,0,17717.0,1,10614.0,0,19305.0,0
C2174,24.68843703760275,46.56208358391054,1742.9889485847818,7,Irqah,2089.0,7,1684.0,6,1894.0,7,1886.0,6
C2175,24.693092721400813,46.57433766849075,26764.50051670315,3,Irqah,27196.0,2,26230.0,4,30525.0,2,29566.0,3
C2176,24.7055229925008,46.55135537654146,7457.2976203415465,8,Irqah,6881.0,9,6382.0,7,5551.0,7,10256.0,9
C2177,24.695724648709632,46.569165979186494,7121.327805561853,1,Irqah,7931.0,2,5711.0,0,7757.0,0,6260.0,0
C2178,24.71657969054772,46.578223701611776,2789.546806215817,0,Irqah,2222.0,0,3121.0,0,2584.0,0,2915.0,1
C2179,24.69582582844233,46.55940755298189,7744.90489089747,5,Irqah,7883.0,6,7480.0,4,8998.0,5,5532.0,5
C2180,24.696749838629902,46.556285290534035,3709.692920681221,8,Irqah,3685.0,8,3501.0,9,3365.0,9,3981.0,8
C2181,24.6915185221662,46.557814580472645,3509.2492330500227,0,Irqah,3436.0,0,3431.0,0,3313.0,1,3714.0,0
C2182,24.676631369356862,46.57147822680443,39087.12510626473,3,Irqah,32140.0,2,43077.0,4,36846.0,2,34452.0,4
C2183,24.693845459795604,46.55725347691914,1704.9490784991578,2,Irqah,1962.0,2,1944.0,3,2003.0,3,1485.0,3
C2184,24.705339710714895,46.56524341632769,2744.7864006950995,3,Irqah,3455.0,2,2752.0,2,1909.0,3,2670.0,4
C2185,24.688156722501176,46.54347434089128,2323.9635413055953,3,Irqah,1850.0,2,2264.0,3,2558.0,4,2241.0,3
C2186,24.70225134567747,46.5755886290704,5187.069635166104,2,Irqah,5282.0,3,5279.0,2,5185.0,1,6416.0,1
C2187,24.685877769553866,46.56080935705762,2861.75335719519,4,Irqah,3145.0,4,3736.0,4,2610.0,5,2754.0,5
C2188,24.679809597255908,46.55749813148276,4404.536588921212,4,Irqah,5934.0,5,3078.0,4,4183.0,5,4295.0,5
C2189,24.692800435523164,46.56715988029148,2057.3436212239544,3,Irqah,1925.0,3,1714.0,3,2316.0,4,2001.0,3
C2190,24.702609752889167,46.553276399145815,5049.09314636576,7,Irqah,4312.0,6,5414.0,6,5600.0,6,3831.0,6
C2191,24.69996715008088,46.56349871941933,7782.740417616918,5,Irqah,7777.0,5,7972.0,4,9647.0,4,7205.0,5
C2192,24.69272340838434,46.55155763474624,8455.405235520833,4,Irqah,11074.0,5,10002.0,4,7515.0,5,6730.0,3
C2193,24.671710414919048,46.52940785718149,4419.14952228405,3,Irqah,4466.0,3,5281.0,3,3098.0,3,4499.0,3
C2194,24.68168477860824,46.53479767257087,12647.920190371444,4,Irqah,13162.0,4,16353.0,3,11407.0,4,8467.0,3
C2195,24.720403649149265,46.552309717989615,5297.258137288268,1,Irqah,6743.0,2,4692.0,1,5063.0,2,4397.0,0
C2196,24.691239579638946,46.55992122607148,2504.1788909111006,2,Irqah,1681.0,3,2737.0,2,2301.0,3,2597.0,1
C2197,24.711262637181303,46.56902083348727,2968.4490243033115,3,Irqah,1979.0,4,2874.0,4,3467.0,4,2029.0,4
C2198,24.707643911386135,46.57159655689608,2786.1817361594744,2,Irqah,3175.0,3,3191.0,3,3696.0,2,2131.0,3
C2199,24.70663055519496,46.571652192362365,8217.221916151024,1,Irqah,9196.0,1,8466.0,1,8560.0,1,9436.0,1
C2200,24.705340395229083,46.58336243110849,5141.339592357202,4,Irqah,4045.0,5,5825.0,4,3686.0,3,4107.0,3
C2201,24.713453148088746,46.59152138556659,3785.9423203088227,5,Irqah,4087.0,5,3386.0,5,4318.0,4,3776.0,5
C2202,24.673285217198117,46.557112313922374,5986.017728462983,7,Irqah,6024.0,7,6150.0,6,5314.0,6,6255.0,8
C2203,24.6863874488553,46.57396071354955,3154.635781646827,2,Irqah,3260.0,3,2927.0,1,3126.0,2,2648.0,1
C2204,24.687037441397287,46.55377368608108,3688.3250282293675,4,Irqah,3232.0,5,3559.0,3,4096.0,4,2748.0,3
C2205,24.708202380089105,46.54619248382544,3429.7910798216853,6,Irqah,3191.0,5,3212.0,6,3565.0,5,4212.0,5
C2206,24.69238751842443,46.57705883203846,4278.959679932349,5,Irqah,3702.0,6,3646.0,6,4168.0,5,3915.0,6
C2207,24.697133284164327,46.54601663749587,5007.014304383625,1,Irqah,5046.0,2,5844.0,0,5144.0,2,5389.0,1
C2208,24.692323309048437,46.55897438393103,2971.9034205312832,7,Irqah,2866.0,8,3111.0,8,3263.0,7,2629.0,7
C2209,24.704425705862583,46.52356552025039,3307.520609208397,7,Irqah,4163.0,6,3849.0,6,3567.0,8,3484.0,8
C2210,24.709381116804057,46.56812682146996,24100.893613467328,2,Irqah,26428.0,3,20661.0,1,31210.0,3,19317.0,1
C2211,24.69805588847918,46.581041658713296,19497.363266594813,6,Irqah,14777.0,5,13969.0,5,10428.0,6,15446.0,6
C2212,24.684792741317803,46.549836982452234,1370.0717613890815,3,Irqah,1458.0,4,1245.0,3,1187.0,2,1153.0,3
C2213,24.707796007905287,46.55978289763719,2562.6971186255655,4,Irqah,3127.0,5,2515.0,4,2297.0,3,2318.0,4
C2214,24.700692450364365,46.55593342894139,2891.8623522502758,4,Irqah,3017.0,3,3238.0,3,3204.0,4,2615.0,4
C2215,24.683998896177183,46.54176874899716,15466.129546827877,1,Irqah,18050.0,0,17922.0,0,15733.0,2,14678.0,0
C2216,24.694452377595027,46.54490161370443,4240.892093658097,4,Irqah,4219.0,5,5017.0,3,4715.0,3,4511.0,3
C2217,24.70671494214411,46.56565916420033,3781.4824888445064,5,Irqah,4191.0,4,4650.0,4,2911.0,6,3472.0,4
C2218,24.68809886498229,46.549326121292935,10978.398691074572,3,Irqah,9399.0,3,12194.0,2,10442.0,3,12505.0,3
C2219,24.705495495525064,46.57699404985348,7210.827488044392,1,Irqah,8083.0,0,7356.0,0,7793.0,2,6483.0,2
C2220,24.675700013175025,46.53350506280664,4100.05046699172,6,Irqah,3231.0,5,3655.0,5,4002.0,7,4503.0,5
C2221,24.699134356920602,46.5453696404991,10824.335198259245,7,Irqah,12976.0,8,11957.0,8,10002.0,8,12942.0,7
C2222,24.717766882436074,46.559535227357436,19323.299984275603,3,Irqah,14825.0,4,17971.0,2,19803.0,2,24350.0,2
C2223,24.697419527919358,46.56785616237601,944.4923708554779,4,Irqah,637.0,4,836.0,4,1163.0,5,661.0,5
C2224,24.695406670915695,46.5446094170755,6978.508361920719,3,Irqah,7548.0,3,7607.0,2,4659.0,2,8778.0,3
C2225,24.79424370768166,46.78401544731763,6957.744427790149,6,Al Hamra,6773.0,6,7209.0,5,8503.0,5,5104.0,6
C2226,24.771409012902996,46.80735372485078,4714.651813026397,2,Al Hamra,4797.0,3,5326.0,2,4836.0,1,5713.0,1
C2227,24.77394699856799,46.79065379687346,5389.330937239472,5,Al Hamra,5744.0,6,4842.0,6,4610.0,4,5372.0,4
C2228,24.786563786369808,46.76886103018662,5161.178522520837,2,Al Hamra,5139.0,2,6070.0,1,5588.0,2,5427.0,3
C2229,24.778249040437885,46.77765466859699,19028.757690184193,2,Al Hamra,16438.0,3,20107.0,3,18837.0,3,16303.0,1
C2230,24.764735110161865,46.78405739232828,3979.6287233861653,5,Al Hamra,4109.0,6,3896.0,6,4637.0,4,4534.0,5
C2231,24.7810041739414,46.789614100307986,6859.288604896834,6,Al Hamra,7226.0,5,6121.0,7,5919.0,7,7558.0,7
C2232,24.777245895515733,46.800501177026014,4147.719349902713,1,Al Hamra,4462.0,0,3506.0,2,4682.0,2,3798.0,0
C2233,24.77139954381492,46.805077704670715,2658.4573771204664,3,Al Hamra,3471.0,2,2135.0,2,2254.0,2,2409.0,3
C2234,24.786742727066944,46.79158937070854,3469.2544667583575,7,Al Hamra,3077.0,7,4198.0,8,3579.0,6,3912.0,6
C2235,24.79428267722552,46.77063466147531,3560.4575535438235,0,Al Hamra,3597.0,1,2831.0,0,3874.0,0,4108.0,1
C2236,24.79664141081345,46.76464288981636,4521.4406859905985,6,Al Hamra,4911.0,7,4959.0,7,4393.0,5,5038.0,7
C2237,24.77045071443607,46.7905605241545,3000.237439781076,3,Al Hamra,2794.0,3,2903.0,3,3240.0,2,2825.0,3
C2238,24.7888064747958,46.77280408242888,760.7195381813325,5,Al Hamra,620.0,4,699.0,5,680.0,5,760.0,5
C2239,24.78019060688395,46.80617446102433,5825.033844005848,5,Al Hamra,5317.0,5,5442.0,6,6659.0,4,6640.0,6
C2240,24.786745999050698,46.75388292899287,19747.793747447387,2,Al Hamra,22981.0,2,19542.0,1,17938.0,3,22211.0,2
C2241,24.8075107840206,46.78621638175576,4005.5609137088327,2,Al Hamra,3840.0,1,4554.0,2,3518.0,3,4680.0,2
C2242,24.77588696451205,46.78951515487447,5698.856084119024,7,Al Hamra,6235.0,6,6193.0,8,5508.0,8,5815.0,6
C2243,24.771260860301123,46.787918964284174,5733.30815395782,3,Al Hamra,5086.0,3,5754.0,4,5597.0,4,5122.0,3
C2244,24.790246719012845,46.77139925120215,3301.5034646760496,1,Al Hamra,3528.0,1,2648.0,2,2833.0,1,3442.0,2
C2245,24.775762516189932,46.78217495133256,1652.815685684837,5,Al Hamra,1481.0,6,1226.0,5,1824.0,4,1764.0,5
C2246,24.796459041245242,46.76398190853198,7616.844093902358,5,Al Hamra,6630.0,5,9740.0,5,7353.0,6,7001.0,4
C2247,24.793892761518485,46.787569945900906,3967.944466367629,5,Al Hamra,4036.0,6,3394.0,4,4265.0,5,4231.0,4
C2248,24.79272077464534,46.79415195603823,12799.238277232467,3,Al Hamra,12902.0,2,9891.0,4,9727.0,2,11177.0,2
C2249,24.77757461079517,46.77388979557006,4178.75463881192,2,Al Hamra,5126.0,1,4885.0,3,3288.0,3,4336.0,1
C2250,24.782848746658857,46.76530794081309,3861.902789679449,4,Al Hamra,2897.0,3,3024.0,3,3646.0,4,3508.0,3
C2251,24.75240140389984,46.7826295464764,3611.463874097039,1,Al Hamra,3894.0,1,4020.0,0,3016.0,1,4756.0,2
C2252,24.78385475147895,46.79857345824328,15827.317166452778,2,Al Hamra,19752.0,1,18057.0,3,15259.0,1,18643.0,2
C2253,24.796319558176247,46.80201757788245,3702.0959457019144,3,Al Hamra,4478.0,2,3851.0,4,3954.0,3,3845.0,4
C2254,24.790352808230313,46.80253961850312,19428.803106740386,7,Al Hamra,18281.0,7,22258.0,6,22366.0,7,15580.0,7
C2255,24.7609080747024,46.81561129466448,1742.1376545506855,1,Al Hamra,1559.0,1,1392.0,2,2098.0,2,1419.0,1
C2256,24.772013875764454,46.8232776624145,10429.86223288105,2,Al Hamra,9636.0,2,8590.0,1,11493.0,3,11513.0,1
C2257,24.78765411743838,46.79234213433303,3980.3641787144256,3,Al Hamra,4165.0,4,3881.0,3,3495.0,2,3886.0,4
C2258,24.78450829329834,46.78836621672585,1941.0853697357263,6,Al Hamra,1998.0,7,1947.0,5,2070.0,6,2029.0,5
C2259,24.774674059496142,46.78872148360895,36679.72491985405,5,Al Hamra,38652.0,4,36355.0,4,33215.0,6,27970.0,4
C2260,24.771559560280792,46.78412784700955,16611.9654819512,1,Al Hamra,18142.0,0,17810.0,2,17698.0,1,12844.0,2
C2261,24.778387192833627,46.80470859761422,3509.4974260649265,3,Al Hamra,2932.0,3,3141.0,2,2899.0,3,3567.0,3
C2262,24.773230847656567,46.77217648642361,18345.225264968823,2,Al Hamra,15161.0,3,12653.0,2,21755.0,3,17754.0,3
C2263,24.797157918230344,46.76866155373307,3513.462185514304,5,Al Hamra,2850.0,4,3736.0,5,3676.0,5,2807.0,6
C2264,24.77332043821479,46.77279478075934,1943.3803742223495,5,Al Hamra,1542.0,4,1885.0,5,1829.0,5,1708.0,4
C2265,24.795071377453162,46.79458281022155,4052.7695493084793,8,Al Hamra,3991.0,7,4552.0,9,3162.0,7,4526.0,8
C2266,24.780826194235154,46.799646453821154,3731.2953664282645,4,Al Hamra,3910.0,5,4887.0,5,3830.0,4,3484.0,4
C2267,24.795096990291263,46.78365333771576,2744.1080746014445,3,Al Hamra,3813.0,3,2786.0,2,2484.0,2,2978.0,4
C2268,24.75928314608759,46.81061226771914,7435.1930454022395,2,Al Hamra,8045.0,1,8097.0,2,7599.0,1,9272.0,1
C2269,24.765982381153933,46.81275850750354,4779.276536583801,3,Al Hamra,4792.0,3,4165.0,4,4194.0,3,5017.0,2
C2270,24.756517712447906,46.7983729234061,3851.5493859051066,2,Al Hamra,4692.0,2,4380.0,3,3478.0,2,3922.0,1
C2271,24.77975903316572,46.80480814444708,2850.0679380125216,5,Al Hamra,2528.0,4,3002.0,4,3071.0,4,2593.0,6
C2272,24.78297222557885,46.76678449310861,3592.6246417437133,4,Al Hamra,3780.0,3,3737.0,5,4333.0,3,4246.0,5
C2273,24.78051431704787,46.77875549852129,6530.73962213805,4,Al Hamra,7509.0,3,7432.0,4,5190.0,5,5109.0,3
C2274,24.787129703156406,46.816441503716376,2769.6078694961025,3,Al Hamra,3105.0,2,2317.0,3,2646.0,4,2310.0,4
C2275,24.77503792275456,46.777897805022754,12274.211039072728,6,Al Hamra,13037.0,7,13334.0,7,12802.0,5,12229.0,7
C2276,24.767617171695516,46.78712685443097,2865.5838497522623,2,Al Hamra,2712.0,3,3068.0,1,2755.0,2,2229.0,2
C2277,24.75907769293373,46.77051284779807,8803.022291070329,3,Al Hamra,7121.0,3,10893.0,3,8087.0,3,10090.0,4
C2278,24.767994909209733,46.79401191647558,12645.990208226596,3,Al Hamra,12348.0,4,9324.0,2,16556.0,3,11448.0,2
C2279,24.748995926474958,46.785336212928215,5839.045375920151,6,Al Hamra,5304.0,6,5781.0,6,5013.0,5,6297.0,6
C2280,24.79505569780369,46.81058069248928,3123.0755673464055,6,Al Hamra,3454.0,7,4141.0,7,3244.0,5,2975.0,6
C2281,24.77288523050051,46.79216596968733,6348.027938064362,5,Al Hamra,6215.0,4,5987.0,5,5785.0,4,6102.0,4
C2282,24.76992497933273,46.77031019824013,2959.073437263604,4,Al Hamra,3215.0,5,2778.0,5,2871.0,4,2962.0,3
C2283,24.7907652571268,46.76845013771901,3281.079232046662,2,Al Hamra,2469.0,2,4153.0,2,2106.0,3,2311.0,3
C2284,24.80134920800563,46.785810823753486,4885.738008916427,5,Al Hamra,5617.0,4,6705.0,6,5461.0,4,4083.0,5
C2285,24.776025893089237,46.76874727818155,6178.1504623301325,2,Al Hamra,5368.0,1,6303.0,3,5888.0,3,5733.0,1
C2286,24.77442359322109,46.791017970422615,5518.642431201441,4,Al Hamra,4193.0,5,4956.0,5,4635.0,3,7352.0,5
C2287,24.77761196133272,46.77696868589423,2831.512966965416,3,Al Hamra,2232.0,2,2593.0,4,3494.0,3,3174.0,4
C2288,24.786807740129007,46.80381912180742,5596.825549123816,3,Al Hamra,5056.0,3,5288.0,3,5279.0,4,6199.0,4
C2289,24.756476534231894,46.77965194672365,1315.986650020492,3,Al Hamra,1543.0,2,1156.0,4,1175.0,2,1110.0,3
C2290,24.77761295736653,46.78704564797908,5112.140661098794,4,Al Hamra,5673.0,5,4520.0,3,4386.0,4,5791.0,3
C2291,24.798022160212383,46.78729569917258,13816.26036838033,4,Al Hamra,11323.0,5,14214.0,3,15816.0,4,16383.0,4
C2292,24.805115518976287,46.79140135881717,5775.764136060787,3,Al Hamra,5853.0,4,5827.0,4,5713.0,4,6422.0,4
C2293,24.76062983294716,46.795206393422205,3139.4143596905146,5,Al Hamra,3089.0,4,3370.0,4,2946.0,4,4372.0,6
C2294,24.776436303811337,46.776590608570636,2667.4531489882215,3,Al Hamra,2024.0,4,2686.0,3,2097.0,4,2125.0,4
C2295,24.740778910020456,46.80620295043253,11700.512931973086,2,Al Hamra,9918.0,2,9652.0,1,9938.0,3,9799.0,3
C2296,24.775765229512288,46.77925031611471,3019.772053948445,3,Al Hamra,2074.0,4,3357.0,3,3130.0,2,2897.0,3
C2297,24.780660158693948,46.76873338147689,14527.709571875042,4,Al Hamra,12584.0,5,15099.0,3,14261.0,4,12386.0,5
C2298,24.795552858813004,46.775725536481204,4306.590523085627,7,Al Hamra,2551.0,6,3950.0,6,2941.0,8,4335.0,8
C2299,24.777844182839903,46.795209681832446,5064.568970128664,3,Al Hamra,4445.0,2,4878.0,4,4324.0,4,5454.0,4
